2019/03/17/FOP1/FOP120190317_000432_V06,noaa-nexrad-level2
2019/03/17/FOP1/FOP120190317_001418_V06,noaa-nexrad-level2
2019/03/17/FOP1/FOP120190317_002406_V06,noaa-nexrad-level2
2019/03/17/FOP1/FOP120190317_003352_V06,noaa-nexrad-level2
2019/03/17/FOP1/FOP120190317_004340_V06,noaa-nexrad-level2
2019/03/17/FOP1/FOP120190317_005326_V06,noaa-nexrad-level2
2019/03/17/FOP1/FOP120190317_005326_V06_MDM,noaa-nexrad-level2
2019/03/17/FOP1/FOP120190317_010313_V06,noaa-nexrad-level2
2019/03/17/FOP1/FOP120190317_011259_V06,noaa-nexrad-level2
2019/03/17/FOP1/FOP120190317_012246_V06,noaa-nexrad-level2
2019/03/17/FOP1/FOP120190317_013232_V06,noaa-nexrad-level2
2019/03/17/FOP1/FOP120190317_014219_V06,noaa-nexrad-level2
2019/03/17/FOP1/FOP120190317_015205_V06,noaa-nexrad-level2
2019/03/17/FOP1/FOP120190317_015205_V06_MDM,noaa-nexrad-level2
2019/03/17/FOP1/FOP120190317_020152_V06,noaa-nexrad-level2
2019/03/17/FOP1/FOP120190317_021139_V06,noaa-nexrad-level2
2019/03/17/FOP1/FOP120190317_022126_V06,noaa-nexrad-level2
2019/03/17/FOP1/FOP120190317_023113_V06,noaa-nexrad-level2
2019/03/17/FOP1/FOP120190317_024100_V06,noaa-nexrad-level2
2019/03/17/FOP1/FOP120190317_025047_V06,noaa-nexrad-level2
2019/03/17/FOP1/FOP120190317_025047_V06_MDM,noaa-nexrad-level2
2019/03/17/FOP1/FOP120190317_030035_V06,noaa-nexrad-level2
2019/03/17/FOP1/FOP120190317_031021_V06,noaa-nexrad-level2
2019/03/17/FOP1/FOP120190317_032008_V06,noaa-nexrad-level2
2019/03/17/FOP1/FOP120190317_032954_V06,noaa-nexrad-level2
2019/03/17/FOP1/FOP120190317_033942_V06,noaa-nexrad-level2
2019/03/17/FOP1/FOP120190317_034928_V06,noaa-nexrad-level2
2019/03/17/FOP1/FOP120190317_035915_V06,noaa-nexrad-level2
2019/03/17/FOP1/FOP120190317_035915_V06_MDM,noaa-nexrad-level2
2019/03/17/FOP1/FOP120190317_040902_V06,noaa-nexrad-level2
2019/03/17/FOP1/FOP120190317_041848_V06,noaa-nexrad-level2
2019/03/17/FOP1/FOP120190317_042836_V06,noaa-nexrad-level2
2019/03/17/FOP1/FOP120190317_043823_V06,noaa-nexrad-level2
2019/03/17/FOP1/FOP120190317_044810_V06,noaa-nexrad-level2
2019/03/17/FOP1/FOP120190317_045757_V06,noaa-nexrad-level2
2019/03/17/FOP1/FOP120190317_045757_V06_MDM,noaa-nexrad-level2
2019/03/17/FOP1/FOP120190317_050743_V06,noaa-nexrad-level2
2019/03/17/FOP1/FOP120190317_051730_V06,noaa-nexrad-level2
2019/03/17/FOP1/FOP120190317_052718_V06,noaa-nexrad-level2
2019/03/17/FOP1/FOP120190317_053706_V06,noaa-nexrad-level2
2019/03/17/FOP1/FOP120190317_054651_V06,noaa-nexrad-level2
2019/03/17/FOP1/FOP120190317_055638_V06,noaa-nexrad-level2
2019/03/17/FOP1/FOP120190317_055638_V06_MDM,noaa-nexrad-level2
2019/03/17/FOP1/FOP120190317_060623_V06,noaa-nexrad-level2
2019/03/17/FOP1/FOP120190317_061808_V06,noaa-nexrad-level2
2019/03/17/FOP1/FOP120190317_062756_V06,noaa-nexrad-level2
2019/03/17/FOP1/FOP120190317_063742_V06,noaa-nexrad-level2
2019/03/17/FOP1/FOP120190317_064729_V06,noaa-nexrad-level2
2019/03/17/FOP1/FOP120190317_065716_V06,noaa-nexrad-level2
2019/03/17/FOP1/FOP120190317_065716_V06_MDM,noaa-nexrad-level2
2019/03/17/FOP1/FOP120190317_070704_V06,noaa-nexrad-level2
2019/03/17/FOP1/FOP120190317_071650_V06,noaa-nexrad-level2
2019/03/17/FOP1/FOP120190317_072637_V06,noaa-nexrad-level2
2019/03/17/FOP1/FOP120190317_073623_V06,noaa-nexrad-level2
2019/03/17/FOP1/FOP120190317_074611_V06,noaa-nexrad-level2
2019/03/17/FOP1/FOP120190317_075558_V06,noaa-nexrad-level2
2019/03/17/FOP1/FOP120190317_075558_V06_MDM,noaa-nexrad-level2
2019/03/17/FOP1/FOP120190317_080544_V06,noaa-nexrad-level2
2019/03/17/FOP1/FOP120190317_081531_V06,noaa-nexrad-level2
2019/03/17/FOP1/FOP120190317_082517_V06,noaa-nexrad-level2
2019/03/17/FOP1/FOP120190317_083504_V06,noaa-nexrad-level2
2019/03/17/FOP1/FOP120190317_084450_V06,noaa-nexrad-level2
2019/03/17/FOP1/FOP120190317_085439_V06,noaa-nexrad-level2
2019/03/17/FOP1/FOP120190317_085439_V06_MDM,noaa-nexrad-level2
2019/03/17/FOP1/FOP120190317_090425_V06,noaa-nexrad-level2
2019/03/17/FOP1/FOP120190317_091411_V06,noaa-nexrad-level2
2019/03/17/FOP1/FOP120190317_092358_V06,noaa-nexrad-level2
2019/03/17/FOP1/FOP120190317_093345_V06,noaa-nexrad-level2
2019/03/17/FOP1/FOP120190317_094332_V06,noaa-nexrad-level2
2019/03/17/FOP1/FOP120190317_095319_V06,noaa-nexrad-level2
2019/03/17/FOP1/FOP120190317_095319_V06_MDM,noaa-nexrad-level2
2019/03/17/FOP1/FOP120190317_100306_V06,noaa-nexrad-level2
2019/03/17/FOP1/FOP120190317_101254_V06,noaa-nexrad-level2
2019/03/17/FOP1/FOP120190317_102242_V06,noaa-nexrad-level2
2019/03/17/FOP1/FOP120190317_103228_V06,noaa-nexrad-level2
2019/03/17/FOP1/FOP120190317_104214_V06,noaa-nexrad-level2
2019/03/17/FOP1/FOP120190317_105201_V06,noaa-nexrad-level2
2019/03/17/FOP1/FOP120190317_105201_V06_MDM,noaa-nexrad-level2
2019/03/17/FOP1/FOP120190317_110150_V06,noaa-nexrad-level2
2019/03/17/FOP1/FOP120190317_111138_V06,noaa-nexrad-level2
2019/03/17/FOP1/FOP120190317_112124_V06,noaa-nexrad-level2
2019/03/17/FOP1/FOP120190317_113111_V06,noaa-nexrad-level2
2019/03/17/FOP1/FOP120190317_114057_V06,noaa-nexrad-level2
2019/03/17/FOP1/FOP120190317_115044_V06,noaa-nexrad-level2
2019/03/17/FOP1/FOP120190317_115044_V06_MDM,noaa-nexrad-level2
2019/03/17/FOP1/FOP120190317_120030_V06,noaa-nexrad-level2
2019/03/17/FOP1/FOP120190317_121018_V06,noaa-nexrad-level2
2019/03/17/FOP1/FOP120190317_122006_V06,noaa-nexrad-level2
2019/03/17/FOP1/FOP120190317_122952_V06,noaa-nexrad-level2
2019/03/17/FOP1/FOP120190317_123939_V06,noaa-nexrad-level2
2019/03/17/FOP1/FOP120190317_124927_V06,noaa-nexrad-level2
2019/03/17/FOP1/FOP120190317_125913_V06,noaa-nexrad-level2
2019/03/17/FOP1/FOP120190317_125913_V06_MDM,noaa-nexrad-level2
2019/03/17/FOP1/FOP120190317_130900_V06,noaa-nexrad-level2
2019/03/17/FOP1/FOP120190317_131846_V06,noaa-nexrad-level2
2019/03/17/FOP1/FOP120190317_132834_V06,noaa-nexrad-level2
2019/03/17/FOP1/FOP120190317_133820_V06,noaa-nexrad-level2
2019/03/17/FOP1/FOP120190317_134807_V06,noaa-nexrad-level2
2019/03/17/FOP1/FOP120190317_135754_V06,noaa-nexrad-level2
2019/03/17/FOP1/FOP120190317_135754_V06_MDM,noaa-nexrad-level2
2019/03/17/FOP1/FOP120190317_140741_V06,noaa-nexrad-level2
2019/03/17/FOP1/FOP120190317_141926_V06,noaa-nexrad-level2
2019/03/17/FOP1/FOP120190317_142913_V06,noaa-nexrad-level2
2019/03/17/FOP1/FOP120190317_143901_V06,noaa-nexrad-level2
2019/03/17/FOP1/FOP120190317_144850_V06,noaa-nexrad-level2
2019/03/17/FOP1/FOP120190317_145836_V06,noaa-nexrad-level2
2019/03/17/FOP1/FOP120190317_145836_V06_MDM,noaa-nexrad-level2
2019/03/17/FOP1/FOP120190317_150823_V06,noaa-nexrad-level2
2019/03/17/FOP1/FOP120190317_151809_V06,noaa-nexrad-level2
2019/03/17/FOP1/FOP120190317_152757_V06,noaa-nexrad-level2
2019/03/17/FOP1/FOP120190317_153743_V06,noaa-nexrad-level2
2019/03/17/FOP1/FOP120190317_154731_V06,noaa-nexrad-level2
2019/03/17/FOP1/FOP120190317_155718_V06,noaa-nexrad-level2
2019/03/17/FOP1/FOP120190317_155718_V06_MDM,noaa-nexrad-level2
2019/03/17/FOP1/FOP120190317_160706_V06,noaa-nexrad-level2
2019/03/17/FOP1/FOP120190317_161652_V06,noaa-nexrad-level2
2019/03/17/FOP1/FOP120190317_162639_V06,noaa-nexrad-level2
2019/03/17/FOP1/FOP120190317_163625_V06,noaa-nexrad-level2
2019/03/17/FOP1/FOP120190317_164612_V06,noaa-nexrad-level2
2019/03/17/FOP1/FOP120190317_165559_V06,noaa-nexrad-level2
2019/03/17/FOP1/FOP120190317_165559_V06_MDM,noaa-nexrad-level2
2019/03/17/FOP1/FOP120190317_170545_V06,noaa-nexrad-level2
2019/03/17/FOP1/FOP120190317_171532_V06,noaa-nexrad-level2
2019/03/17/FOP1/FOP120190317_172518_V06,noaa-nexrad-level2
2019/03/17/FOP1/FOP120190317_173506_V06,noaa-nexrad-level2
2019/03/17/FOP1/FOP120190317_174453_V06,noaa-nexrad-level2
2019/03/17/FOP1/FOP120190317_175440_V06,noaa-nexrad-level2
2019/03/17/FOP1/FOP120190317_175440_V06_MDM,noaa-nexrad-level2
2019/03/17/FOP1/FOP120190317_180428_V06,noaa-nexrad-level2
2019/03/17/FOP1/FOP120190317_181416_V06,noaa-nexrad-level2
2019/03/17/FOP1/FOP120190317_182402_V06,noaa-nexrad-level2
2019/03/17/FOP1/FOP120190317_183349_V06,noaa-nexrad-level2
2019/03/17/FOP1/FOP120190317_184335_V06,noaa-nexrad-level2
2019/03/17/FOP1/FOP120190317_185322_V06,noaa-nexrad-level2
2019/03/17/FOP1/FOP120190317_185322_V06_MDM,noaa-nexrad-level2
2019/03/17/FOP1/FOP120190317_190309_V06,noaa-nexrad-level2
2019/03/17/FOP1/FOP120190317_191256_V06,noaa-nexrad-level2
2019/03/17/FOP1/FOP120190317_192243_V06,noaa-nexrad-level2
2019/03/17/FOP1/FOP120190317_193231_V06,noaa-nexrad-level2
2019/03/17/FOP1/FOP120190317_194217_V06,noaa-nexrad-level2
2019/03/17/FOP1/FOP120190317_195204_V06,noaa-nexrad-level2
2019/03/17/FOP1/FOP120190317_195204_V06_MDM,noaa-nexrad-level2
2019/03/17/FOP1/FOP120190317_200150_V06,noaa-nexrad-level2
2019/03/17/FOP1/FOP120190317_201137_V06,noaa-nexrad-level2
2019/03/17/FOP1/FOP120190317_202124_V06,noaa-nexrad-level2
2019/03/17/FOP1/FOP120190317_203111_V06,noaa-nexrad-level2
2019/03/17/FOP1/FOP120190317_204057_V06,noaa-nexrad-level2
2019/03/17/FOP1/FOP120190317_205044_V06,noaa-nexrad-level2
2019/03/17/FOP1/FOP120190317_205044_V06_MDM,noaa-nexrad-level2
2019/03/17/FOP1/FOP120190317_210030_V06,noaa-nexrad-level2
2019/03/17/FOP1/FOP120190317_211017_V06,noaa-nexrad-level2
2019/03/17/FOP1/FOP120190317_212004_V06,noaa-nexrad-level2
2019/03/17/FOP1/FOP120190317_212952_V06,noaa-nexrad-level2
2019/03/17/FOP1/FOP120190317_213939_V06,noaa-nexrad-level2
2019/03/17/FOP1/FOP120190317_214926_V06,noaa-nexrad-level2
2019/03/17/FOP1/FOP120190317_215912_V06,noaa-nexrad-level2
2019/03/17/FOP1/FOP120190317_215912_V06_MDM,noaa-nexrad-level2
2019/03/17/FOP1/FOP120190317_220859_V06,noaa-nexrad-level2
2019/03/17/FOP1/FOP120190317_222044_V06,noaa-nexrad-level2
2019/03/17/FOP1/FOP120190317_223031_V06,noaa-nexrad-level2
2019/03/17/FOP1/FOP120190317_224017_V06,noaa-nexrad-level2
2019/03/17/FOP1/FOP120190317_225004_V06,noaa-nexrad-level2
2019/03/17/FOP1/FOP120190317_225950_V06,noaa-nexrad-level2
2019/03/17/FOP1/FOP120190317_225950_V06_MDM,noaa-nexrad-level2
2019/03/17/FOP1/FOP120190317_230937_V06,noaa-nexrad-level2
2019/03/17/FOP1/FOP120190317_231923_V06,noaa-nexrad-level2
2019/03/17/FOP1/FOP120190317_232911_V06,noaa-nexrad-level2
2019/03/17/FOP1/FOP120190317_233858_V06,noaa-nexrad-level2
2019/03/17/FOP1/FOP120190317_234844_V06,noaa-nexrad-level2
2019/03/17/FOP1/FOP120190317_235831_V06,noaa-nexrad-level2
2019/03/17/FOP1/FOP120190317_235831_V06_MDM,noaa-nexrad-level2
2018/08/22/KAKQ/KAKQ20180822_000206_V06,noaa-nexrad-level2
2018/08/22/KAKQ/KAKQ20180822_000706_V06,noaa-nexrad-level2
2018/08/22/KAKQ/KAKQ20180822_001206_V06,noaa-nexrad-level2
2018/08/22/KAKQ/KAKQ20180822_001652_V06,noaa-nexrad-level2
2018/08/22/KAKQ/KAKQ20180822_002139_V06,noaa-nexrad-level2
2018/08/22/KAKQ/KAKQ20180822_002624_V06,noaa-nexrad-level2
2018/08/22/KAKQ/KAKQ20180822_003056_V06,noaa-nexrad-level2
2018/08/22/KAKQ/KAKQ20180822_003528_V06,noaa-nexrad-level2
2018/08/22/KAKQ/KAKQ20180822_004000_V06,noaa-nexrad-level2
2018/08/22/KAKQ/KAKQ20180822_004420_V06,noaa-nexrad-level2
2018/08/22/KAKQ/KAKQ20180822_004851_V06,noaa-nexrad-level2
2018/08/22/KAKQ/KAKQ20180822_005310_V06,noaa-nexrad-level2
2018/08/22/KAKQ/KAKQ20180822_005729_V06,noaa-nexrad-level2
2018/08/22/KAKQ/KAKQ20180822_005729_V06_MDM,noaa-nexrad-level2
2018/08/22/KAKQ/KAKQ20180822_010148_V06,noaa-nexrad-level2
2018/08/22/KAKQ/KAKQ20180822_010554_V06,noaa-nexrad-level2
2018/08/22/KAKQ/KAKQ20180822_010959_V06,noaa-nexrad-level2
2018/08/22/KAKQ/KAKQ20180822_011405_V06,noaa-nexrad-level2
2018/08/22/KAKQ/KAKQ20180822_011816_V06,noaa-nexrad-level2
2018/08/22/KAKQ/KAKQ20180822_012227_V06,noaa-nexrad-level2
2018/08/22/KAKQ/KAKQ20180822_012638_V06,noaa-nexrad-level2
2018/08/22/KAKQ/KAKQ20180822_013049_V06,noaa-nexrad-level2
2018/08/22/KAKQ/KAKQ20180822_013447_V06,noaa-nexrad-level2
2018/08/22/KAKQ/KAKQ20180822_013859_V06,noaa-nexrad-level2
2018/08/22/KAKQ/KAKQ20180822_014258_V06,noaa-nexrad-level2
2018/08/22/KAKQ/KAKQ20180822_014657_V06,noaa-nexrad-level2
2018/08/22/KAKQ/KAKQ20180822_015055_V06,noaa-nexrad-level2
2018/08/22/KAKQ/KAKQ20180822_015454_V06,noaa-nexrad-level2
2018/08/22/KAKQ/KAKQ20180822_015853_V06,noaa-nexrad-level2
2018/08/22/KAKQ/KAKQ20180822_015853_V06_MDM,noaa-nexrad-level2
2018/08/22/KAKQ/KAKQ20180822_020252_V06,noaa-nexrad-level2
2018/08/22/KAKQ/KAKQ20180822_020651_V06,noaa-nexrad-level2
2018/08/22/KAKQ/KAKQ20180822_021056_V06,noaa-nexrad-level2
2018/08/22/KAKQ/KAKQ20180822_021455_V06,noaa-nexrad-level2
2018/08/22/KAKQ/KAKQ20180822_021855_V06,noaa-nexrad-level2
2018/08/22/KAKQ/KAKQ20180822_022253_V06,noaa-nexrad-level2
2018/08/22/KAKQ/KAKQ20180822_022653_V06,noaa-nexrad-level2
2018/08/22/KAKQ/KAKQ20180822_023052_V06,noaa-nexrad-level2
2018/08/22/KAKQ/KAKQ20180822_023457_V06,noaa-nexrad-level2
2018/08/22/KAKQ/KAKQ20180822_023902_V06,noaa-nexrad-level2
2018/08/22/KAKQ/KAKQ20180822_024307_V06,noaa-nexrad-level2
2018/08/22/KAKQ/KAKQ20180822_024713_V06,noaa-nexrad-level2
2018/08/22/KAKQ/KAKQ20180822_025119_V06,noaa-nexrad-level2
2018/08/22/KAKQ/KAKQ20180822_025524_V06,noaa-nexrad-level2
2018/08/22/KAKQ/KAKQ20180822_025929_V06,noaa-nexrad-level2
2018/08/22/KAKQ/KAKQ20180822_025929_V06_MDM,noaa-nexrad-level2
2018/08/22/KAKQ/KAKQ20180822_030335_V06,noaa-nexrad-level2
2018/08/22/KAKQ/KAKQ20180822_030727_V06,noaa-nexrad-level2
2018/08/22/KAKQ/KAKQ20180822_031120_V06,noaa-nexrad-level2
2018/08/22/KAKQ/KAKQ20180822_031513_V06,noaa-nexrad-level2
2018/08/22/KAKQ/KAKQ20180822_031911_V06,noaa-nexrad-level2
2018/08/22/KAKQ/KAKQ20180822_032305_V06,noaa-nexrad-level2
2018/08/22/KAKQ/KAKQ20180822_032829_V06,noaa-nexrad-level2
2018/08/22/KAKQ/KAKQ20180822_033346_V06,noaa-nexrad-level2
2018/08/22/KAKQ/KAKQ20180822_033908_V06,noaa-nexrad-level2
2018/08/22/KAKQ/KAKQ20180822_034424_V06,noaa-nexrad-level2
2018/08/22/KAKQ/KAKQ20180822_034941_V06,noaa-nexrad-level2
2018/08/22/KAKQ/KAKQ20180822_035504_V06,noaa-nexrad-level2
2018/08/22/KAKQ/KAKQ20180822_035504_V06_MDM,noaa-nexrad-level2
2018/08/22/KAKQ/KAKQ20180822_040027_V06,noaa-nexrad-level2
2018/08/22/KAKQ/KAKQ20180822_040543_V06,noaa-nexrad-level2
2018/08/22/KAKQ/KAKQ20180822_041251_V06,noaa-nexrad-level2
2018/08/22/KAKQ/KAKQ20180822_041807_V06,noaa-nexrad-level2
2018/08/22/KAKQ/KAKQ20180822_042325_V06,noaa-nexrad-level2
2018/08/22/KAKQ/KAKQ20180822_042841_V06,noaa-nexrad-level2
2018/08/22/KAKQ/KAKQ20180822_043403_V06,noaa-nexrad-level2
2018/08/22/KAKQ/KAKQ20180822_043934_V06,noaa-nexrad-level2
2018/08/22/KAKQ/KAKQ20180822_044445_V06,noaa-nexrad-level2
2018/08/22/KAKQ/KAKQ20180822_045016_V06,noaa-nexrad-level2
2018/08/22/KAKQ/KAKQ20180822_045542_V06,noaa-nexrad-level2
2018/08/22/KAKQ/KAKQ20180822_045542_V06_MDM,noaa-nexrad-level2
2018/08/22/KAKQ/KAKQ20180822_050108_V06,noaa-nexrad-level2
2018/08/22/KAKQ/KAKQ20180822_050634_V06,noaa-nexrad-level2
2018/08/22/KAKQ/KAKQ20180822_051200_V06,noaa-nexrad-level2
2018/08/22/KAKQ/KAKQ20180822_051753_V06,noaa-nexrad-level2
2018/08/22/KAKQ/KAKQ20180822_052332_V06,noaa-nexrad-level2
2018/08/22/KAKQ/KAKQ20180822_052911_V06,noaa-nexrad-level2
2018/08/22/KAKQ/KAKQ20180822_053448_V06,noaa-nexrad-level2
2018/08/22/KAKQ/KAKQ20180822_054026_V06,noaa-nexrad-level2
2018/08/22/KAKQ/KAKQ20180822_054605_V06,noaa-nexrad-level2
2018/08/22/KAKQ/KAKQ20180822_055134_V06,noaa-nexrad-level2
2018/08/22/KAKQ/KAKQ20180822_055703_V06,noaa-nexrad-level2
2018/08/22/KAKQ/KAKQ20180822_055703_V06_MDM,noaa-nexrad-level2
2018/08/22/KAKQ/KAKQ20180822_060226_V06,noaa-nexrad-level2
2018/08/22/KAKQ/KAKQ20180822_060748_V06,noaa-nexrad-level2
2018/08/22/KAKQ/KAKQ20180822_061304_V06,noaa-nexrad-level2
2018/08/22/KAKQ/KAKQ20180822_061821_V06,noaa-nexrad-level2
2018/08/22/KAKQ/KAKQ20180822_062331_V06,noaa-nexrad-level2
2018/08/22/KAKQ/KAKQ20180822_062842_V06,noaa-nexrad-level2
2018/08/22/KAKQ/KAKQ20180822_063354_V06,noaa-nexrad-level2
2018/08/22/KAKQ/KAKQ20180822_063911_V06,noaa-nexrad-level2
2018/08/22/KAKQ/KAKQ20180822_064421_V06,noaa-nexrad-level2
2018/08/22/KAKQ/KAKQ20180822_064938_V06,noaa-nexrad-level2
2018/08/22/KAKQ/KAKQ20180822_065450_V06,noaa-nexrad-level2
2018/08/22/KAKQ/KAKQ20180822_065450_V06_MDM,noaa-nexrad-level2
2018/08/22/KAKQ/KAKQ20180822_070019_V06,noaa-nexrad-level2
2018/08/22/KAKQ/KAKQ20180822_070548_V06,noaa-nexrad-level2
2018/08/22/KAKQ/KAKQ20180822_071117_V06,noaa-nexrad-level2
2018/08/22/KAKQ/KAKQ20180822_071639_V06,noaa-nexrad-level2
2018/08/22/KAKQ/KAKQ20180822_072202_V06,noaa-nexrad-level2
2018/08/22/KAKQ/KAKQ20180822_072718_V06,noaa-nexrad-level2
2018/08/22/KAKQ/KAKQ20180822_073257_V06,noaa-nexrad-level2
2018/08/22/KAKQ/KAKQ20180822_073826_V06,noaa-nexrad-level2
2018/08/22/KAKQ/KAKQ20180822_074355_V06,noaa-nexrad-level2
2018/08/22/KAKQ/KAKQ20180822_074917_V06,noaa-nexrad-level2
2018/08/22/KAKQ/KAKQ20180822_075447_V06,noaa-nexrad-level2
2018/08/22/KAKQ/KAKQ20180822_080009_V06,noaa-nexrad-level2
2018/08/22/KAKQ/KAKQ20180822_080009_V06_MDM,noaa-nexrad-level2
2018/08/22/KAKQ/KAKQ20180822_080538_V06,noaa-nexrad-level2
2018/08/22/KAKQ/KAKQ20180822_081108_V06,noaa-nexrad-level2
2018/08/22/KAKQ/KAKQ20180822_081630_V06,noaa-nexrad-level2
2018/08/22/KAKQ/KAKQ20180822_082152_V06,noaa-nexrad-level2
2018/08/22/KAKQ/KAKQ20180822_082714_V06,noaa-nexrad-level2
2018/08/22/KAKQ/KAKQ20180822_083237_V06,noaa-nexrad-level2
2018/08/22/KAKQ/KAKQ20180822_083815_V06,noaa-nexrad-level2
2018/08/22/KAKQ/KAKQ20180822_084354_V06,noaa-nexrad-level2
2018/08/22/KAKQ/KAKQ20180822_084932_V06,noaa-nexrad-level2
2018/08/22/KAKQ/KAKQ20180822_085510_V06,noaa-nexrad-level2
2018/08/22/KAKQ/KAKQ20180822_085510_V06_MDM,noaa-nexrad-level2
2018/08/22/KAKQ/KAKQ20180822_090049_V06,noaa-nexrad-level2
2018/08/22/KAKQ/KAKQ20180822_090627_V06,noaa-nexrad-level2
2018/08/22/KAKQ/KAKQ20180822_091205_V06,noaa-nexrad-level2
2018/08/22/KAKQ/KAKQ20180822_091743_V06,noaa-nexrad-level2
2018/08/22/KAKQ/KAKQ20180822_092313_V06,noaa-nexrad-level2
2018/08/22/KAKQ/KAKQ20180822_092851_V06,noaa-nexrad-level2
2018/08/22/KAKQ/KAKQ20180822_093428_V06,noaa-nexrad-level2
2018/08/22/KAKQ/KAKQ20180822_094007_V06,noaa-nexrad-level2
2018/08/22/KAKQ/KAKQ20180822_094545_V06,noaa-nexrad-level2
2018/08/22/KAKQ/KAKQ20180822_095123_V06,noaa-nexrad-level2
2018/08/22/KAKQ/KAKQ20180822_095702_V06,noaa-nexrad-level2
2018/08/22/KAKQ/KAKQ20180822_095702_V06_MDM,noaa-nexrad-level2
2018/08/22/KAKQ/KAKQ20180822_100240_V06,noaa-nexrad-level2
2018/08/22/KAKQ/KAKQ20180822_100818_V06,noaa-nexrad-level2
2018/08/22/KAKQ/KAKQ20180822_101357_V06,noaa-nexrad-level2
2018/08/22/KAKQ/KAKQ20180822_101936_V06,noaa-nexrad-level2
2018/08/22/KAKQ/KAKQ20180822_102814_V06,noaa-nexrad-level2
2018/08/22/KAKQ/KAKQ20180822_103659_V06,noaa-nexrad-level2
2018/08/22/KAKQ/KAKQ20180822_104544_V06,noaa-nexrad-level2
2018/08/22/KAKQ/KAKQ20180822_105431_V06,noaa-nexrad-level2
2018/08/22/KAKQ/KAKQ20180822_105431_V06_MDM,noaa-nexrad-level2
2018/08/22/KAKQ/KAKQ20180822_110316_V06,noaa-nexrad-level2
2018/08/22/KAKQ/KAKQ20180822_111202_V06,noaa-nexrad-level2
2018/08/22/KAKQ/KAKQ20180822_112047_V06,noaa-nexrad-level2
2018/08/22/KAKQ/KAKQ20180822_112933_V06,noaa-nexrad-level2
2018/08/22/KAKQ/KAKQ20180822_113819_V06,noaa-nexrad-level2
2018/08/22/KAKQ/KAKQ20180822_114704_V06,noaa-nexrad-level2
2018/08/22/KAKQ/KAKQ20180822_115550_V06,noaa-nexrad-level2
2018/08/22/KAKQ/KAKQ20180822_115550_V06_MDM,noaa-nexrad-level2
2018/08/22/KAKQ/KAKQ20180822_120436_V06,noaa-nexrad-level2
2018/08/22/KAKQ/KAKQ20180822_121521_V06,noaa-nexrad-level2
2018/08/22/KAKQ/KAKQ20180822_122407_V06,noaa-nexrad-level2
2018/08/22/KAKQ/KAKQ20180822_123252_V06,noaa-nexrad-level2
2018/08/22/KAKQ/KAKQ20180822_124137_V06,noaa-nexrad-level2
2018/08/22/KAKQ/KAKQ20180822_125024_V06,noaa-nexrad-level2
2018/08/22/KAKQ/KAKQ20180822_125910_V06,noaa-nexrad-level2
2018/08/22/KAKQ/KAKQ20180822_125910_V06_MDM,noaa-nexrad-level2
2018/08/22/KAKQ/KAKQ20180822_130755_V06,noaa-nexrad-level2
2018/08/22/KAKQ/KAKQ20180822_131627_V06,noaa-nexrad-level2
2018/08/22/KAKQ/KAKQ20180822_132459_V06,noaa-nexrad-level2
2018/08/22/KAKQ/KAKQ20180822_133330_V06,noaa-nexrad-level2
2018/08/22/KAKQ/KAKQ20180822_134201_V06,noaa-nexrad-level2
2018/08/22/KAKQ/KAKQ20180822_135032_V06,noaa-nexrad-level2
2018/08/22/KAKQ/KAKQ20180822_135918_V06,noaa-nexrad-level2
2018/08/22/KAKQ/KAKQ20180822_135918_V06_MDM,noaa-nexrad-level2
2018/08/22/KAKQ/KAKQ20180822_140803_V06,noaa-nexrad-level2
2018/08/22/KAKQ/KAKQ20180822_141650_V06,noaa-nexrad-level2
2018/08/22/KAKQ/KAKQ20180822_142535_V06,noaa-nexrad-level2
2018/08/22/KAKQ/KAKQ20180822_143421_V06,noaa-nexrad-level2
2018/08/22/KAKQ/KAKQ20180822_144307_V06,noaa-nexrad-level2
2018/08/22/KAKQ/KAKQ20180822_145152_V06,noaa-nexrad-level2
2018/08/22/KAKQ/KAKQ20180822_145152_V06_MDM,,noaa-nexrad-level2
2018/08/22/KAKQ/KAKQ20180822_150038_V06,noaa-nexrad-level2
2018/08/22/KAKQ/KAKQ20180822_150915_V06,noaa-nexrad-level2
2018/08/22/KAKQ/KAKQ20180822_151747_V06,noaa-nexrad-level2
2018/08/22/KAKQ/KAKQ20180822_152613_V06,noaa-nexrad-level2
2018/08/22/KAKQ/KAKQ20180822_153438_V06,noaa-nexrad-level2
2018/08/22/KAKQ/KAKQ20180822_154003_V06,noaa-nexrad-level2
2018/08/22/KAKQ/KAKQ20180822_154520_V06,noaa-nexrad-level2
2018/08/22/KAKQ/KAKQ20180822_155037_V06,noaa-nexrad-level2
2018/08/22/KAKQ/KAKQ20180822_155555_V06,noaa-nexrad-level2
2018/08/22/KAKQ/KAKQ20180822_155555_V06_MDM,noaa-nexrad-level2
2018/08/22/KAKQ/KAKQ20180822_160106_V06,noaa-nexrad-level2
2018/08/22/KAKQ/KAKQ20180822_160617_V06,noaa-nexrad-level2
2018/08/22/KAKQ/KAKQ20180822_161129_V06,noaa-nexrad-level2
2018/08/22/KAKQ/KAKQ20180822_161640_V06,noaa-nexrad-level2
2018/08/22/KAKQ/KAKQ20180822_162151_V06,noaa-nexrad-level2
2018/08/22/KAKQ/KAKQ20180822_162702_V06,noaa-nexrad-level2
2018/08/22/KAKQ/KAKQ20180822_163212_V06,noaa-nexrad-level2
2018/08/22/KAKQ/KAKQ20180822_163723_V06,noaa-nexrad-level2
2018/08/22/KAKQ/KAKQ20180822_164234_V06,noaa-nexrad-level2
2018/08/22/KAKQ/KAKQ20180822_164744_V06,noaa-nexrad-level2
2018/08/22/KAKQ/KAKQ20180822_165255_V06,noaa-nexrad-level2
2018/08/22/KAKQ/KAKQ20180822_165805_V06,noaa-nexrad-level2
2018/08/22/KAKQ/KAKQ20180822_165805_V06_MDM,noaa-nexrad-level2
2018/08/22/KAKQ/KAKQ20180822_170316_V06,noaa-nexrad-level2
2018/08/22/KAKQ/KAKQ20180822_170828_V06,noaa-nexrad-level2
2018/08/22/KAKQ/KAKQ20180822_171339_V06,noaa-nexrad-level2
2018/08/22/KAKQ/KAKQ20180822_171849_V06,noaa-nexrad-level2
2018/08/22/KAKQ/KAKQ20180822_172400_V06,noaa-nexrad-level2
2018/08/22/KAKQ/KAKQ20180822_172910_V06,noaa-nexrad-level2
2018/08/22/KAKQ/KAKQ20180822_173422_V06,noaa-nexrad-level2
2018/08/22/KAKQ/KAKQ20180822_173933_V06,noaa-nexrad-level2
2018/08/22/KAKQ/KAKQ20180822_174445_V06,noaa-nexrad-level2
2018/08/22/KAKQ/KAKQ20180822_175023_V06,noaa-nexrad-level2
2018/08/22/KAKQ/KAKQ20180822_175617_V06,noaa-nexrad-level2
2018/08/22/KAKQ/KAKQ20180822_175617_V06_MDM,noaa-nexrad-level2
2018/08/22/KAKQ/KAKQ20180822_180156_V06,noaa-nexrad-level2
2018/08/22/KAKQ/KAKQ20180822_180734_V06,noaa-nexrad-level2
2018/08/22/KAKQ/KAKQ20180822_181312_V06,noaa-nexrad-level2
2018/08/22/KAKQ/KAKQ20180822_181851_V06,noaa-nexrad-level2
2018/08/22/KAKQ/KAKQ20180822_182429_V06,noaa-nexrad-level2
2018/08/22/KAKQ/KAKQ20180822_183008_V06,noaa-nexrad-level2
2018/08/22/KAKQ/KAKQ20180822_183545_V06,noaa-nexrad-level2
2018/08/22/KAKQ/KAKQ20180822_184125_V06,noaa-nexrad-level2
2018/08/22/KAKQ/KAKQ20180822_184702_V06,noaa-nexrad-level2
2018/08/22/KAKQ/KAKQ20180822_185241_V06,noaa-nexrad-level2
2018/08/22/KAKQ/KAKQ20180822_185820_V06,noaa-nexrad-level2
2018/08/22/KAKQ/KAKQ20180822_185820_V06_MDM,noaa-nexrad-level2
2018/08/22/KAKQ/KAKQ20180822_190414_V06,noaa-nexrad-level2
2018/08/22/KAKQ/KAKQ20180822_190951_V06,noaa-nexrad-level2
2018/08/22/KAKQ/KAKQ20180822_191544_V06,noaa-nexrad-level2
2018/08/22/KAKQ/KAKQ20180822_192137_V06,noaa-nexrad-level2
2018/08/22/KAKQ/KAKQ20180822_192730_V06,noaa-nexrad-level2
2018/08/22/KAKQ/KAKQ20180822_193406_V06,noaa-nexrad-level2
2018/08/22/KAKQ/KAKQ20180822_194001_V06,noaa-nexrad-level2
2018/08/22/KAKQ/KAKQ20180822_194554_V06,noaa-nexrad-level2
2018/08/22/KAKQ/KAKQ20180822_195132_V06,noaa-nexrad-level2
2018/08/22/KAKQ/KAKQ20180822_195725_V06,noaa-nexrad-level2
2018/08/22/KAKQ/KAKQ20180822_195725_V06_MDM,noaa-nexrad-level2
2018/08/22/KAKQ/KAKQ20180822_200319_V06,noaa-nexrad-level2
2018/08/22/KAKQ/KAKQ20180822_200912_V06,noaa-nexrad-level2
2018/08/22/KAKQ/KAKQ20180822_201726_V06,noaa-nexrad-level2
2018/08/22/KAKQ/KAKQ20180822_202432_V06,noaa-nexrad-level2
2018/08/22/KAKQ/KAKQ20180822_203110_V06,noaa-nexrad-level2
2018/08/22/KAKQ/KAKQ20180822_203732_V06,noaa-nexrad-level2
2018/08/22/KAKQ/KAKQ20180822_204430_V06,noaa-nexrad-level2
2018/08/22/KAKQ/KAKQ20180822_205129_V06,noaa-nexrad-level2
2018/08/22/KAKQ/KAKQ20180822_205820_V06,noaa-nexrad-level2
2018/08/22/KAKQ/KAKQ20180822_205820_V06_MDM,noaa-nexrad-level2
2018/08/22/KAKQ/KAKQ20180822_210504_V06,noaa-nexrad-level2
2018/08/22/KAKQ/KAKQ20180822_211212_V06,noaa-nexrad-level2
2018/08/22/KAKQ/KAKQ20180822_211920_V06,noaa-nexrad-level2
2018/08/22/KAKQ/KAKQ20180822_212627_V06,noaa-nexrad-level2
2018/08/22/KAKQ/KAKQ20180822_213334_V06,noaa-nexrad-level2
2018/08/22/KAKQ/KAKQ20180822_214042_V06,noaa-nexrad-level2
2018/08/22/KAKQ/KAKQ20180822_214750_V06,noaa-nexrad-level2
2018/08/22/KAKQ/KAKQ20180822_215457_V06,noaa-nexrad-level2
2018/08/22/KAKQ/KAKQ20180822_215457_V06_MDM,noaa-nexrad-level2
2018/08/22/KAKQ/KAKQ20180822_220204_V06,noaa-nexrad-level2
2018/08/22/KAKQ/KAKQ20180822_220912_V06,noaa-nexrad-level2
2018/08/22/KAKQ/KAKQ20180822_221618_V06,noaa-nexrad-level2
2018/08/22/KAKQ/KAKQ20180822_222326_V06,noaa-nexrad-level2
2018/08/22/KAKQ/KAKQ20180822_223034_V06,noaa-nexrad-level2
2018/08/22/KAKQ/KAKQ20180822_223726_V06,noaa-nexrad-level2
2018/08/22/KAKQ/KAKQ20180822_224404_V06,noaa-nexrad-level2
2018/08/22/KAKQ/KAKQ20180822_225026_V06,noaa-nexrad-level2
2018/08/22/KAKQ/KAKQ20180822_225649_V06,noaa-nexrad-level2
2018/08/22/KAKQ/KAKQ20180822_225649_V06_MDM,noaa-nexrad-level2
2018/08/22/KAKQ/KAKQ20180822_230257_V06,noaa-nexrad-level2
2018/08/22/KAKQ/KAKQ20180822_230905_V06,noaa-nexrad-level2
2018/08/22/KAKQ/KAKQ20180822_231512_V06,noaa-nexrad-level2
2018/08/22/KAKQ/KAKQ20180822_232106_V06,noaa-nexrad-level2
2018/08/22/KAKQ/KAKQ20180822_232659_V06,noaa-nexrad-level2
2018/08/22/KAKQ/KAKQ20180822_233237_V06,noaa-nexrad-level2
2018/08/22/KAKQ/KAKQ20180822_233815_V06,noaa-nexrad-level2
2018/08/22/KAKQ/KAKQ20180822_234353_V06,noaa-nexrad-level2
2018/08/22/KAKQ/KAKQ20180822_234931_V06,noaa-nexrad-level2
2018/08/22/KAKQ/KAKQ20180822_235508_V06,noaa-nexrad-level2
2018/08/22/KAKQ/KAKQ20180822_235508_V06_MDM,noaa-nexrad-level2
2019/03/23/KABX/KABX20190323_000425_V06,noaa-nexrad-level2
2019/03/23/KABX/KABX20190323_001410_V06,noaa-nexrad-level2
2019/03/23/KABX/KABX20190323_002356_V06,noaa-nexrad-level2
2019/03/23/KABX/KABX20190323_003342_V06,noaa-nexrad-level2
2019/03/23/KABX/KABX20190323_004329_V06,noaa-nexrad-level2
2019/03/23/KABX/KABX20190323_005314_V06,noaa-nexrad-level2
2019/03/23/KABX/KABX20190323_005314_V06_MDM,noaa-nexrad-level2
2019/03/23/KABX/KABX20190323_010300_V06,noaa-nexrad-level2
2019/03/23/KABX/KABX20190323_011246_V06,noaa-nexrad-level2
2019/03/23/KABX/KABX20190323_012232_V06,noaa-nexrad-level2
2019/03/23/KABX/KABX20190323_013218_V06,noaa-nexrad-level2
2019/03/23/KABX/KABX20190323_014204_V06,noaa-nexrad-level2
2019/03/23/KABX/KABX20190323_015346_V06,noaa-nexrad-level2
2019/03/23/KABX/KABX20190323_015346_V06_MDM,noaa-nexrad-level2
2019/03/23/KABX/KABX20190323_020329_V06,noaa-nexrad-level2
2019/03/23/KABX/KABX20190323_021313_V06,noaa-nexrad-level2
2019/03/23/KABX/KABX20190323_022257_V06,noaa-nexrad-level2
2019/03/23/KABX/KABX20190323_023242_V06,noaa-nexrad-level2
2019/03/23/KABX/KABX20190323_024226_V06,noaa-nexrad-level2
2019/03/23/KABX/KABX20190323_025211_V06,noaa-nexrad-level2
2019/03/23/KABX/KABX20190323_025211_V06_MDM,noaa-nexrad-level2
2019/03/23/KABX/KABX20190323_030155_V06,noaa-nexrad-level2
2019/03/23/KABX/KABX20190323_031140_V06,noaa-nexrad-level2
2019/03/23/KABX/KABX20190323_032123_V06,noaa-nexrad-level2
2019/03/23/KABX/KABX20190323_033108_V06,noaa-nexrad-level2
2019/03/23/KABX/KABX20190323_034052_V06,noaa-nexrad-level2
2019/03/23/KABX/KABX20190323_035036_V06,noaa-nexrad-level2
2019/03/23/KABX/KABX20190323_035036_V06_MDM,noaa-nexrad-level2
2019/03/23/KABX/KABX20190323_040020_V06,noaa-nexrad-level2
2019/03/23/KABX/KABX20190323_041005_V06,noaa-nexrad-level2
2019/03/23/KABX/KABX20190323_041948_V06,noaa-nexrad-level2
2019/03/23/KABX/KABX20190323_042933_V06,noaa-nexrad-level2
2019/03/23/KABX/KABX20190323_043916_V06,noaa-nexrad-level2
2019/03/23/KABX/KABX20190323_044900_V06,noaa-nexrad-level2
2019/03/23/KABX/KABX20190323_045843_V06,noaa-nexrad-level2
2019/03/23/KABX/KABX20190323_045843_V06_MDM,noaa-nexrad-level2
2019/03/23/KABX/KABX20190323_050827_V06,noaa-nexrad-level2
2019/03/23/KABX/KABX20190323_051811_V06,noaa-nexrad-level2
2019/03/23/KABX/KABX20190323_052755_V06,noaa-nexrad-level2
2019/03/23/KABX/KABX20190323_053738_V06,noaa-nexrad-level2
2019/03/23/KABX/KABX20190323_054723_V06,noaa-nexrad-level2
2019/03/23/KABX/KABX20190323_055706_V06,noaa-nexrad-level2
2019/03/23/KABX/KABX20190323_055706_V06_MDM,noaa-nexrad-level2
2019/03/23/KABX/KABX20190323_060650_V06,noaa-nexrad-level2
2019/03/23/KABX/KABX20190323_061634_V06,noaa-nexrad-level2
2019/03/23/KABX/KABX20190323_062617_V06,noaa-nexrad-level2
2019/03/23/KABX/KABX20190323_063602_V06,noaa-nexrad-level2
2019/03/23/KABX/KABX20190323_064545_V06,noaa-nexrad-level2
2019/03/23/KABX/KABX20190323_065529_V06,noaa-nexrad-level2
2019/03/23/KABX/KABX20190323_065529_V06_MDM,noaa-nexrad-level2
2019/03/23/KABX/KABX20190323_070513_V06,noaa-nexrad-level2
2019/03/23/KABX/KABX20190323_071457_V06,noaa-nexrad-level2
2019/03/23/KABX/KABX20190323_072441_V06,noaa-nexrad-level2
2019/03/23/KABX/KABX20190323_073424_V06,noaa-nexrad-level2
2019/03/23/KABX/KABX20190323_074409_V06,noaa-nexrad-level2
2019/03/23/KABX/KABX20190323_075353_V06,noaa-nexrad-level2
2019/03/23/KABX/KABX20190323_075353_V06_MDM,noaa-nexrad-level2
2019/03/23/KABX/KABX20190323_080336_V06,noaa-nexrad-level2
2019/03/23/KABX/KABX20190323_081321_V06,noaa-nexrad-level2
2019/03/23/KABX/KABX20190323_082304_V06,noaa-nexrad-level2
2019/03/23/KABX/KABX20190323_083248_V06,noaa-nexrad-level2
2019/03/23/KABX/KABX20190323_084232_V06,noaa-nexrad-level2
2019/03/23/KABX/KABX20190323_085216_V06,noaa-nexrad-level2
2019/03/23/KABX/KABX20190323_085216_V06_MDM,noaa-nexrad-level2
2019/03/23/KABX/KABX20190323_090200_V06,noaa-nexrad-level2
2019/03/23/KABX/KABX20190323_091144_V06,noaa-nexrad-level2
2019/03/23/KABX/KABX20190323_092129_V06,noaa-nexrad-level2
2019/03/23/KABX/KABX20190323_093112_V06,noaa-nexrad-level2
2019/03/23/KABX/KABX20190323_094057_V06,noaa-nexrad-level2
2019/03/23/KABX/KABX20190323_095040_V06,noaa-nexrad-level2
2019/03/23/KABX/KABX20190323_095040_V06_MDM,noaa-nexrad-level2
2019/03/23/KABX/KABX20190323_100221_V06,noaa-nexrad-level2
2019/03/23/KABX/KABX20190323_101206_V06,noaa-nexrad-level2
2019/03/23/KABX/KABX20190323_102149_V06,noaa-nexrad-level2
2019/03/23/KABX/KABX20190323_103135_V06,noaa-nexrad-level2
2019/03/23/KABX/KABX20190323_104119_V06,noaa-nexrad-level2
2019/03/23/KABX/KABX20190323_105104_V06,noaa-nexrad-level2
2019/03/23/KABX/KABX20190323_105104_V06_MDM,noaa-nexrad-level2
2019/03/23/KABX/KABX20190323_110048_V06,noaa-nexrad-level2
2019/03/23/KABX/KABX20190323_111034_V06,noaa-nexrad-level2
2019/03/23/KABX/KABX20190323_112019_V06,noaa-nexrad-level2
2019/03/23/KABX/KABX20190323_113004_V06,noaa-nexrad-level2
2019/03/23/KABX/KABX20190323_113948_V06,noaa-nexrad-level2
2019/03/23/KABX/KABX20190323_114933_V06,noaa-nexrad-level2
2019/03/23/KABX/KABX20190323_115917_V06,noaa-nexrad-level2
2019/03/23/KABX/KABX20190323_115917_V06_MDM,noaa-nexrad-level2
2019/03/23/KABX/KABX20190323_120902_V06,noaa-nexrad-level2
2019/03/23/KABX/KABX20190323_121847_V06,noaa-nexrad-level2
2019/03/23/KABX/KABX20190323_122832_V06,noaa-nexrad-level2
2019/03/23/KABX/KABX20190323_123816_V06,noaa-nexrad-level2
2019/03/23/KABX/KABX20190323_124801_V06,noaa-nexrad-level2
2019/03/23/KABX/KABX20190323_125746_V06,noaa-nexrad-level2
2019/03/23/KABX/KABX20190323_125746_V06_MDM,noaa-nexrad-level2
2019/03/23/KABX/KABX20190323_130731_V06,noaa-nexrad-level2
2019/03/23/KABX/KABX20190323_131716_V06,noaa-nexrad-level2
2019/03/23/KABX/KABX20190323_132700_V06,noaa-nexrad-level2
2019/03/23/KABX/KABX20190323_133645_V06,noaa-nexrad-level2
2019/03/23/KABX/KABX20190323_134631_V06,noaa-nexrad-level2
2019/03/23/KABX/KABX20190323_135615_V06,noaa-nexrad-level2
2019/03/23/KABX/KABX20190323_135615_V06_MDM,noaa-nexrad-level2
2019/03/23/KABX/KABX20190323_140600_V06,noaa-nexrad-level2
2019/03/23/KABX/KABX20190323_141545_V06,noaa-nexrad-level2
2019/03/23/KABX/KABX20190323_142530_V06,noaa-nexrad-level2
2019/03/23/KABX/KABX20190323_143515_V06,noaa-nexrad-level2
2019/03/23/KABX/KABX20190323_144500_V06,noaa-nexrad-level2
2019/03/23/KABX/KABX20190323_145444_V06,noaa-nexrad-level2
2019/03/23/KABX/KABX20190323_145444_V06_MDM,noaa-nexrad-level2
2019/03/23/KABX/KABX20190323_150430_V06,noaa-nexrad-level2
2019/03/23/KABX/KABX20190323_151416_V06,noaa-nexrad-level2
2019/03/23/KABX/KABX20190323_152401_V06,noaa-nexrad-level2
2019/03/23/KABX/KABX20190323_153346_V06,noaa-nexrad-level2
2019/03/23/KABX/KABX20190323_154331_V06,noaa-nexrad-level2
2019/03/23/KABX/KABX20190323_155317_V06,noaa-nexrad-level2
2019/03/23/KABX/KABX20190323_155317_V06_MDM,noaa-nexrad-level2
2019/03/23/KABX/KABX20190323_160301_V06,noaa-nexrad-level2
2019/03/23/KABX/KABX20190323_161245_V06,noaa-nexrad-level2
2019/03/23/KABX/KABX20190323_162230_V06,noaa-nexrad-level2
2019/03/23/KABX/KABX20190323_163215_V06,noaa-nexrad-level2
2019/03/23/KABX/KABX20190323_164159_V06,noaa-nexrad-level2
2019/03/23/KABX/KABX20190323_165144_V06,noaa-nexrad-level2
2019/03/23/KABX/KABX20190323_165144_V06_MDM,noaa-nexrad-level2
2019/03/23/KABX/KABX20190323_170129_V06,noaa-nexrad-level2
2019/03/23/KABX/KABX20190323_171114_V06,noaa-nexrad-level2
2019/03/23/KABX/KABX20190323_172058_V06,noaa-nexrad-level2
2019/03/23/KABX/KABX20190323_173044_V06,noaa-nexrad-level2
2019/03/23/KABX/KABX20190323_174029_V06,noaa-nexrad-level2
2019/03/23/KABX/KABX20190323_175014_V06,noaa-nexrad-level2
2019/03/23/KABX/KABX20190323_175959_V06,noaa-nexrad-level2
2019/03/23/KABX/KABX20190323_175959_V06_MDM,noaa-nexrad-level2
2019/03/23/KABX/KABX20190323_181140_V06,noaa-nexrad-level2
2019/03/23/KABX/KABX20190323_182126_V06,noaa-nexrad-level2
2019/03/23/KABX/KABX20190323_183111_V06,noaa-nexrad-level2
2019/03/23/KABX/KABX20190323_184056_V06,noaa-nexrad-level2
2019/03/23/KABX/KABX20190323_185040_V06,noaa-nexrad-level2
2019/03/23/KABX/KABX20190323_185040_V06_MDM,noaa-nexrad-level2
2019/03/23/KABX/KABX20190323_190025_V06,noaa-nexrad-level2
2019/03/23/KABX/KABX20190323_191009_V06,noaa-nexrad-level2
2019/03/23/KABX/KABX20190323_191954_V06,noaa-nexrad-level2
2019/03/23/KABX/KABX20190323_192939_V06,noaa-nexrad-level2
2019/03/23/KABX/KABX20190323_193923_V06,noaa-nexrad-level2
2019/03/23/KABX/KABX20190323_194908_V06,noaa-nexrad-level2
2019/03/23/KABX/KABX20190323_195852_V06,noaa-nexrad-level2
2019/03/23/KABX/KABX20190323_195852_V06_MDM,noaa-nexrad-level2
2019/03/23/KABX/KABX20190323_200837_V06,noaa-nexrad-level2
2019/03/23/KABX/KABX20190323_201821_V06,noaa-nexrad-level2
2019/03/23/KABX/KABX20190323_202806_V06,noaa-nexrad-level2
2019/03/23/KABX/KABX20190323_203752_V06,noaa-nexrad-level2
2019/03/23/KABX/KABX20190323_204736_V06,noaa-nexrad-level2
2019/03/23/KABX/KABX20190323_205721_V06,noaa-nexrad-level2
2019/03/23/KABX/KABX20190323_205721_V06_MDM,noaa-nexrad-level2
2019/03/23/KABX/KABX20190323_210706_V06,noaa-nexrad-level2
2019/03/23/KABX/KABX20190323_211650_V06,noaa-nexrad-level2
2019/03/23/KABX/KABX20190323_212635_V06,noaa-nexrad-level2
2019/03/23/KABX/KABX20190323_213619_V06,noaa-nexrad-level2
2019/03/23/KABX/KABX20190323_214604_V06,noaa-nexrad-level2
2019/03/23/KABX/KABX20190323_215548_V06,noaa-nexrad-level2
2019/03/23/KABX/KABX20190323_215548_V06_MDM,noaa-nexrad-level2
2019/03/23/KABX/KABX20190323_220534_V06,noaa-nexrad-level2
2019/03/23/KABX/KABX20190323_221518_V06,noaa-nexrad-level2
2019/03/23/KABX/KABX20190323_222503_V06,noaa-nexrad-level2
2019/03/23/KABX/KABX20190323_223448_V06,noaa-nexrad-level2
2019/03/23/KABX/KABX20190323_224432_V06,noaa-nexrad-level2
2019/03/23/KABX/KABX20190323_225417_V06,noaa-nexrad-level2
2019/03/23/KABX/KABX20190323_225417_V06_MDM,noaa-nexrad-level2
2019/03/23/KABX/KABX20190323_230402_V06,noaa-nexrad-level2
2019/03/23/KABX/KABX20190323_231347_V06,noaa-nexrad-level2
2019/03/23/KABX/KABX20190323_232331_V06,noaa-nexrad-level2
2019/03/23/KABX/KABX20190323_233317_V06,noaa-nexrad-level2
2019/03/23/KABX/KABX20190323_234301_V06,noaa-nexrad-level2
2019/03/23/KABX/KABX20190323_235246_V06,noaa-nexrad-level2
2019/03/23/KABX/KABX20190323_235246_V06_MDM,noaa-nexrad-level2
2019/03/23/KABX/KABX20190323_000425_V06,noaa-nexrad-level2
2019/03/23/KABX/KABX20190323_001410_V06,noaa-nexrad-level2
2019/03/23/KABX/KABX20190323_002356_V06,noaa-nexrad-level2
2019/03/23/KABX/KABX20190323_003342_V06,noaa-nexrad-level2
2019/03/23/KABX/KABX20190323_004329_V06,noaa-nexrad-level2
2019/03/23/KABX/KABX20190323_005314_V06,noaa-nexrad-level2
2019/03/23/KABX/KABX20190323_005314_V06_MDM,noaa-nexrad-level2
2019/03/23/KABX/KABX20190323_010300_V06,noaa-nexrad-level2
2019/03/23/KABX/KABX20190323_011246_V06,noaa-nexrad-level2
2019/03/23/KABX/KABX20190323_012232_V06,noaa-nexrad-level2
2019/03/23/KABX/KABX20190323_013218_V06,noaa-nexrad-level2
2019/03/23/KABX/KABX20190323_014204_V06,noaa-nexrad-level2
2019/03/23/KABX/KABX20190323_015346_V06,noaa-nexrad-level2
2019/03/23/KABX/KABX20190323_015346_V06_MDM,noaa-nexrad-level2
2019/03/23/KABX/KABX20190323_020329_V06,noaa-nexrad-level2
2019/03/23/KABX/KABX20190323_021313_V06,noaa-nexrad-level2
2019/03/23/KABX/KABX20190323_022257_V06,noaa-nexrad-level2
2019/03/23/KABX/KABX20190323_023242_V06,noaa-nexrad-level2
2019/03/23/KABX/KABX20190323_024226_V06,noaa-nexrad-level2
2019/03/23/KABX/KABX20190323_025211_V06,noaa-nexrad-level2
2019/03/23/KABX/KABX20190323_025211_V06_MDM,noaa-nexrad-level2
2019/03/23/KABX/KABX20190323_030155_V06,noaa-nexrad-level2
2019/03/23/KABX/KABX20190323_031140_V06,noaa-nexrad-level2
2019/03/23/KABX/KABX20190323_032123_V06,noaa-nexrad-level2
2019/03/23/KABX/KABX20190323_033108_V06,noaa-nexrad-level2
2019/03/23/KABX/KABX20190323_034052_V06,noaa-nexrad-level2
2019/03/23/KABX/KABX20190323_035036_V06,noaa-nexrad-level2
2019/03/23/KABX/KABX20190323_035036_V06_MDM,noaa-nexrad-level2
2019/03/23/KABX/KABX20190323_040020_V06,noaa-nexrad-level2
2019/03/23/KABX/KABX20190323_041005_V06,noaa-nexrad-level2
2019/03/23/KABX/KABX20190323_041948_V06,noaa-nexrad-level2
2019/03/23/KABX/KABX20190323_042933_V06,noaa-nexrad-level2
2019/03/23/KABX/KABX20190323_043916_V06,noaa-nexrad-level2
2019/03/23/KABX/KABX20190323_044900_V06,noaa-nexrad-level2
2019/03/23/KABX/KABX20190323_045843_V06,noaa-nexrad-level2
2019/03/23/KABX/KABX20190323_045843_V06_MDM,noaa-nexrad-level2
2019/03/23/KABX/KABX20190323_051811_V06,noaa-nexrad-level2
2019/03/23/KABX/KABX20190323_052755_V06,noaa-nexrad-level2
2019/03/23/KABX/KABX20190323_053738_V06,noaa-nexrad-level2
2019/03/23/KABX/KABX20190323_050827_V06,noaa-nexrad-level2
2019/03/23/KABX/KABX20190323_054723_V06,noaa-nexrad-level2
2019/03/23/KABX/KABX20190323_055706_V06,noaa-nexrad-level2
2019/03/23/KABX/KABX20190323_055706_V06_MDM,noaa-nexrad-level2
2019/03/23/KABX/KABX20190323_060650_V06,noaa-nexrad-level2
2019/03/23/KABX/KABX20190323_061634_V06,noaa-nexrad-level2
2019/03/23/KABX/KABX20190323_062617_V06,noaa-nexrad-level2
2019/03/23/KABX/KABX20190323_063602_V06,noaa-nexrad-level2
2019/03/23/KABX/KABX20190323_064545_V06,noaa-nexrad-level2
2019/03/23/KABX/KABX20190323_065529_V06,noaa-nexrad-level2
2019/03/23/KABX/KABX20190323_065529_V06_MDM,noaa-nexrad-level2
2019/03/23/KABX/KABX20190323_070513_V06,noaa-nexrad-level2
2019/03/23/KABX/KABX20190323_071457_V06,noaa-nexrad-level2
2019/03/23/KABX/KABX20190323_072441_V06,noaa-nexrad-level2
2019/03/23/KABX/KABX20190323_073424_V06,noaa-nexrad-level2
2019/03/23/KABX/KABX20190323_074409_V06,noaa-nexrad-level2
2019/03/23/KABX/KABX20190323_075353_V06,noaa-nexrad-level2
2019/03/23/KABX/KABX20190323_075353_V06_MDM,noaa-nexrad-level2
2019/03/23/KABX/KABX20190323_080336_V06,noaa-nexrad-level2
2019/03/23/KABX/KABX20190323_081321_V06,noaa-nexrad-level2
2019/03/23/KABX/KABX20190323_082304_V06,noaa-nexrad-level2
2019/03/23/KABX/KABX20190323_083248_V06,noaa-nexrad-level2
2019/03/23/KABX/KABX20190323_084232_V06,noaa-nexrad-level2
2019/03/23/KABX/KABX20190323_085216_V06,noaa-nexrad-level2
2019/03/23/KABX/KABX20190323_085216_V06_MDM,noaa-nexrad-level2
2019/03/23/KABX/KABX20190323_090200_V06,noaa-nexrad-level2
2019/03/23/KABX/KABX20190323_091144_V06,noaa-nexrad-level2
2019/03/23/KABX/KABX20190323_092129_V06,noaa-nexrad-level2
2019/03/23/KABX/KABX20190323_093112_V06,noaa-nexrad-level2
2019/03/23/KABX/KABX20190323_094057_V06,noaa-nexrad-level2
2019/03/23/KABX/KABX20190323_095040_V06,noaa-nexrad-level2
2019/03/23/KABX/KABX20190323_095040_V06_MDM,noaa-nexrad-level2
2019/03/23/KABX/KABX20190323_100221_V06,noaa-nexrad-level2
2019/03/23/KABX/KABX20190323_101206_V06,noaa-nexrad-level2
2019/03/23/KABX/KABX20190323_102149_V06,noaa-nexrad-level2
2019/03/23/KABX/KABX20190323_103135_V06,noaa-nexrad-level2
2019/03/23/KABX/KABX20190323_104119_V06,noaa-nexrad-level2
2019/03/23/KABX/KABX20190323_105104_V06,noaa-nexrad-level2
2019/03/23/KABX/KABX20190323_105104_V06_MDM,noaa-nexrad-level2
2019/03/23/KABX/KABX20190323_110048_V06,noaa-nexrad-level2
2019/03/23/KABX/KABX20190323_111034_V06,noaa-nexrad-level2
2019/03/23/KABX/KABX20190323_112019_V06,noaa-nexrad-level2
2019/03/23/KABX/KABX20190323_113004_V06,noaa-nexrad-level2
2019/03/23/KABX/KABX20190323_113948_V06,noaa-nexrad-level2
2019/03/23/KABX/KABX20190323_114933_V06,noaa-nexrad-level2
2019/03/23/KABX/KABX20190323_115917_V06,noaa-nexrad-level2
2019/03/23/KABX/KABX20190323_115917_V06_MDM,noaa-nexrad-level2
2019/03/23/KABX/KABX20190323_120902_V06,noaa-nexrad-level2
2019/03/23/KABX/KABX20190323_121847_V06,noaa-nexrad-level2
2019/03/23/KABX/KABX20190323_122832_V06,noaa-nexrad-level2
2019/03/23/KABX/KABX20190323_123816_V06,noaa-nexrad-level2
2019/03/23/KABX/KABX20190323_124801_V06,noaa-nexrad-level2
2019/03/23/KABX/KABX20190323_125746_V06,noaa-nexrad-level2
2019/03/23/KABX/KABX20190323_125746_V06_MDM,noaa-nexrad-level2
2019/03/23/KABX/KABX20190323_130731_V06,noaa-nexrad-level2
2019/03/23/KABX/KABX20190323_131716_V06,noaa-nexrad-level2
2019/03/23/KABX/KABX20190323_132700_V06,noaa-nexrad-level2
2019/03/23/KABX/KABX20190323_133645_V06,noaa-nexrad-level2
2019/03/23/KABX/KABX20190323_134631_V06,noaa-nexrad-level2
2019/03/23/KABX/KABX20190323_135615_V06,noaa-nexrad-level2
2019/03/23/KABX/KABX20190323_135615_V06_MDM,noaa-nexrad-level2
2019/03/23/KABX/KABX20190323_140600_V06,noaa-nexrad-level2
2019/03/23/KABX/KABX20190323_141545_V06,noaa-nexrad-level2
2019/03/23/KABX/KABX20190323_142530_V06,noaa-nexrad-level2
2019/03/23/KABX/KABX20190323_143515_V06,noaa-nexrad-level2
2019/03/23/KABX/KABX20190323_144500_V06,noaa-nexrad-level2
2019/03/23/KABX/KABX20190323_145444_V06,noaa-nexrad-level2
2019/03/23/KABX/KABX20190323_145444_V06_MDM,,noaa-nexrad-level2
2019/03/23/KABX/KABX20190323_150430_V06,noaa-nexrad-level2
2019/03/23/KABX/KABX20190323_151416_V06,noaa-nexrad-level2
2019/03/23/KABX/KABX20190323_152401_V06,noaa-nexrad-level2
2019/03/23/KABX/KABX20190323_153346_V06,noaa-nexrad-level2
2019/03/23/KABX/KABX20190323_154331_V06,noaa-nexrad-level2
2019/03/23/KABX/KABX20190323_155317_V06,noaa-nexrad-level2
2019/03/23/KABX/KABX20190323_155317_V06_MDM,noaa-nexrad-level2
2019/03/23/KABX/KABX20190323_160301_V06,noaa-nexrad-level2
2019/03/23/KABX/KABX20190323_161245_V06,noaa-nexrad-level2
2019/03/23/KABX/KABX20190323_162230_V06,noaa-nexrad-level2
2019/03/23/KABX/KABX20190323_163215_V06,noaa-nexrad-level2
2019/03/23/KABX/KABX20190323_164159_V06,noaa-nexrad-level2
2019/03/23/KABX/KABX20190323_165144_V06,noaa-nexrad-level2
2019/03/23/KABX/KABX20190323_165144_V06_MDM,noaa-nexrad-level2
2019/03/23/KABX/KABX20190323_170129_V06,noaa-nexrad-level2
2019/03/23/KABX/KABX20190323_171114_V06,noaa-nexrad-level2
2019/03/23/KABX/KABX20190323_172058_V06,noaa-nexrad-level2
2019/03/23/KABX/KABX20190323_173044_V06,noaa-nexrad-level2
2019/03/23/KABX/KABX20190323_174029_V06,noaa-nexrad-level2
2019/03/23/KABX/KABX20190323_175014_V06,noaa-nexrad-level2
2019/03/23/KABX/KABX20190323_175959_V06,noaa-nexrad-level2
2019/03/23/KABX/KABX20190323_175959_V06_MDM,noaa-nexrad-level2
2019/03/23/KABX/KABX20190323_181140_V06,noaa-nexrad-level2
2019/03/23/KABX/KABX20190323_182126_V06,noaa-nexrad-level2
2019/03/23/KABX/KABX20190323_183111_V06,noaa-nexrad-level2
2019/03/23/KABX/KABX20190323_184056_V06,noaa-nexrad-level2
2019/03/23/KABX/KABX20190323_185040_V06,noaa-nexrad-level2
2019/03/23/KABX/KABX20190323_185040_V06_MDM,noaa-nexrad-level2
2019/03/23/KABX/KABX20190323_190025_V06,noaa-nexrad-level2
2019/03/23/KABX/KABX20190323_191009_V06,noaa-nexrad-level2
2019/03/23/KABX/KABX20190323_191954_V06,noaa-nexrad-level2
2019/03/23/KABX/KABX20190323_192939_V06,noaa-nexrad-level2
2019/03/23/KABX/KABX20190323_193923_V06,noaa-nexrad-level2
2019/03/23/KABX/KABX20190323_194908_V06,noaa-nexrad-level2
2019/03/23/KABX/KABX20190323_195852_V06,noaa-nexrad-level2
2019/03/23/KABX/KABX20190323_195852_V06_MDM,noaa-nexrad-level2
2019/03/23/KABX/KABX20190323_200837_V06,noaa-nexrad-level2
2019/03/23/KABX/KABX20190323_201821_V06,noaa-nexrad-level2
2019/03/23/KABX/KABX20190323_202806_V06,noaa-nexrad-level2
2019/03/23/KABX/KABX20190323_203752_V06,noaa-nexrad-level2
2019/03/23/KABX/KABX20190323_204736_V06,noaa-nexrad-level2
2019/03/23/KABX/KABX20190323_205721_V06,noaa-nexrad-level2
2019/03/23/KABX/KABX20190323_205721_V06_MDM,noaa-nexrad-level2
2019/03/23/KABX/KABX20190323_210706_V06,noaa-nexrad-level2
2019/03/23/KABX/KABX20190323_211650_V06,noaa-nexrad-level2
2019/03/23/KABX/KABX20190323_212635_V06,noaa-nexrad-level2
2019/03/23/KABX/KABX20190323_213619_V06,noaa-nexrad-level2
2019/03/23/KABX/KABX20190323_214604_V06,noaa-nexrad-level2
2019/03/23/KABX/KABX20190323_215548_V06,noaa-nexrad-level2
2019/03/23/KABX/KABX20190323_215548_V06_MDM,noaa-nexrad-level2
2019/03/23/KABX/KABX20190323_220534_V06,noaa-nexrad-level2
2019/03/23/KABX/KABX20190323_221518_V06,noaa-nexrad-level2
2019/03/23/KABX/KABX20190323_222503_V06,noaa-nexrad-level2
2019/03/23/KABX/KABX20190323_223448_V06,noaa-nexrad-level2
2019/03/23/KABX/KABX20190323_224432_V06,noaa-nexrad-level2
2019/03/23/KABX/KABX20190323_225417_V06,noaa-nexrad-level2
2019/03/23/KABX/KABX20190323_225417_V06_MDM,noaa-nexrad-level2
2019/03/23/KABX/KABX20190323_230402_V06,noaa-nexrad-level2
2019/03/23/KABX/KABX20190323_231347_V06,noaa-nexrad-level2
2019/03/23/KABX/KABX20190323_232331_V06,noaa-nexrad-level2
2019/03/23/KABX/KABX20190323_233317_V06,noaa-nexrad-level2
2019/03/23/KABX/KABX20190323_234301_V06,noaa-nexrad-level2
2019/03/23/KABX/KABX20190323_235246_V06,noaa-nexrad-level2
2019/03/23/KABX/KABX20190323_235246_V06_MDM,noaa-nexrad-level2
2019/11/05/KABR/KABR20191105_000146_V06,noaa-nexrad-level2
2019/11/05/KABR/KABR20191105_000845_V06,noaa-nexrad-level2
2019/11/05/KABR/KABR20191105_001551_V06,noaa-nexrad-level2
2019/11/05/KABR/KABR20191105_002257_V06,noaa-nexrad-level2
2019/11/05/KABR/KABR20191105_003001_V06,noaa-nexrad-level2
2019/11/05/KABR/KABR20191105_003706_V06,noaa-nexrad-level2
2019/11/05/KABR/KABR20191105_004411_V06,noaa-nexrad-level2
2019/11/05/KABR/KABR20191105_005115_V06,noaa-nexrad-level2
2019/11/05/KABR/KABR20191105_005821_V06,noaa-nexrad-level2
2019/11/05/KABR/KABR20191105_005821_V06_MDM,noaa-nexrad-level2
2019/11/05/KABR/KABR20191105_010526_V06,noaa-nexrad-level2
2019/11/05/KABR/KABR20191105_011231_V06,noaa-nexrad-level2
2019/11/05/KABR/KABR20191105_011938_V06,noaa-nexrad-level2
2019/11/05/KABR/KABR20191105_012643_V06,noaa-nexrad-level2
2019/11/05/KABR/KABR20191105_013348_V06,noaa-nexrad-level2
2019/11/05/KABR/KABR20191105_014054_V06,noaa-nexrad-level2
2019/11/05/KABR/KABR20191105_014800_V06,noaa-nexrad-level2
2019/11/05/KABR/KABR20191105_015505_V06,noaa-nexrad-level2
2019/11/05/KABR/KABR20191105_015505_V06_MDM,noaa-nexrad-level2
2019/11/05/KABR/KABR20191105_020212_V06,noaa-nexrad-level2
2019/11/05/KABR/KABR20191105_020917_V06,noaa-nexrad-level2
2019/11/05/KABR/KABR20191105_021622_V06,noaa-nexrad-level2
2019/11/05/KABR/KABR20191105_022326_V06,noaa-nexrad-level2
2019/11/05/KABR/KABR20191105_023031_V06,noaa-nexrad-level2
2019/11/05/KABR/KABR20191105_023737_V06,noaa-nexrad-level2
2019/11/05/KABR/KABR20191105_024444_V06,noaa-nexrad-level2
2019/11/05/KABR/KABR20191105_025148_V06,noaa-nexrad-level2
2019/11/05/KABR/KABR20191105_025854_V06,noaa-nexrad-level2
2019/11/05/KABR/KABR20191105_025854_V06_MDM,noaa-nexrad-level2
2019/11/05/KABR/KABR20191105_030559_V06,noaa-nexrad-level2
2019/11/05/KABR/KABR20191105_031304_V06,noaa-nexrad-level2
2019/11/05/KABR/KABR20191105_032009_V06,noaa-nexrad-level2
2019/11/05/KABR/KABR20191105_032714_V06,noaa-nexrad-level2
2019/11/05/KABR/KABR20191105_033420_V06,noaa-nexrad-level2
2019/11/05/KABR/KABR20191105_034125_V06,noaa-nexrad-level2
2019/11/05/KABR/KABR20191105_034831_V06,noaa-nexrad-level2
2019/11/05/KABR/KABR20191105_035535_V06,noaa-nexrad-level2
2019/11/05/KABR/KABR20191105_035535_V06_MDM,noaa-nexrad-level2
2019/11/05/KABR/KABR20191105_040241_V06,noaa-nexrad-level2
2019/11/05/KABR/KABR20191105_040947_V06,noaa-nexrad-level2
2019/11/05/KABR/KABR20191105_041651_V06,noaa-nexrad-level2
2019/11/05/KABR/KABR20191105_042357_V06,noaa-nexrad-level2
2019/11/05/KABR/KABR20191105_043101_V06,noaa-nexrad-level2
2019/11/05/KABR/KABR20191105_043807_V06,noaa-nexrad-level2
2019/11/05/KABR/KABR20191105_044513_V06,noaa-nexrad-level2
2019/11/05/KABR/KABR20191105_045219_V06,noaa-nexrad-level2
2019/11/05/KABR/KABR20191105_045924_V06,noaa-nexrad-level2
2019/11/05/KABR/KABR20191105_045924_V06_MDM,noaa-nexrad-level2
2019/11/05/KABR/KABR20191105_050631_V06,noaa-nexrad-level2
2019/11/05/KABR/KABR20191105_051337_V06,noaa-nexrad-level2
2019/11/05/KABR/KABR20191105_052043_V06,noaa-nexrad-level2
2019/11/05/KABR/KABR20191105_052749_V06,noaa-nexrad-level2
2019/11/05/KABR/KABR20191105_053455_V06,noaa-nexrad-level2
2019/11/05/KABR/KABR20191105_054201_V06,noaa-nexrad-level2
2019/11/05/KABR/KABR20191105_054910_V06,noaa-nexrad-level2
2019/11/05/KABR/KABR20191105_055616_V06,noaa-nexrad-level2
2019/11/05/KABR/KABR20191105_055616_V06_MDM,noaa-nexrad-level2
2019/11/05/KABR/KABR20191105_060322_V06,noaa-nexrad-level2
2019/11/05/KABR/KABR20191105_061029_V06,noaa-nexrad-level2
2019/11/05/KABR/KABR20191105_061735_V06,noaa-nexrad-level2
2019/11/05/KABR/KABR20191105_062441_V06,noaa-nexrad-level2
2019/11/05/KABR/KABR20191105_063349_V06,noaa-nexrad-level2
2019/11/05/KABR/KABR20191105_064055_V06,noaa-nexrad-level2
2019/11/05/KABR/KABR20191105_064802_V06,noaa-nexrad-level2
2019/11/05/KABR/KABR20191105_065508_V06,noaa-nexrad-level2
2019/11/05/KABR/KABR20191105_065508_V06_MDM,noaa-nexrad-level2
2019/11/05/KABR/KABR20191105_070215_V06,noaa-nexrad-level2
2019/11/05/KABR/KABR20191105_070921_V06,noaa-nexrad-level2
2019/11/05/KABR/KABR20191105_071626_V06,noaa-nexrad-level2
2019/11/05/KABR/KABR20191105_072332_V06,noaa-nexrad-level2
2019/11/05/KABR/KABR20191105_073038_V06,noaa-nexrad-level2
2019/11/05/KABR/KABR20191105_073744_V06,noaa-nexrad-level2
2019/11/05/KABR/KABR20191105_074451_V06,noaa-nexrad-level2
2019/11/05/KABR/KABR20191105_075157_V06,noaa-nexrad-level2
2019/11/05/KABR/KABR20191105_075903_V06,noaa-nexrad-level2
2019/11/05/KABR/KABR20191105_075903_V06_MDM,noaa-nexrad-level2
2019/11/05/KABR/KABR20191105_080608_V06,noaa-nexrad-level2
2019/11/05/KABR/KABR20191105_081315_V06,noaa-nexrad-level2
2019/11/05/KABR/KABR20191105_082022_V06,noaa-nexrad-level2
2019/11/05/KABR/KABR20191105_082728_V06,noaa-nexrad-level2
2019/11/05/KABR/KABR20191105_083434_V06,noaa-nexrad-level2
2019/11/05/KABR/KABR20191105_084140_V06,noaa-nexrad-level2
2019/11/05/KABR/KABR20191105_084846_V06,noaa-nexrad-level2
2019/11/05/KABR/KABR20191105_085552_V06,noaa-nexrad-level2
2019/11/05/KABR/KABR20191105_085552_V06_MDM,noaa-nexrad-level2
2019/11/05/KABR/KABR20191105_090258_V06,noaa-nexrad-level2
2019/11/05/KABR/KABR20191105_090959_V06,noaa-nexrad-level2
2019/11/05/KABR/KABR20191105_091705_V06,noaa-nexrad-level2
2019/11/05/KABR/KABR20191105_092411_V06,noaa-nexrad-level2
2019/11/05/KABR/KABR20191105_093117_V06,noaa-nexrad-level2
2019/11/05/KABR/KABR20191105_093818_V06,noaa-nexrad-level2
2019/11/05/KABR/KABR20191105_094524_V06,noaa-nexrad-level2
2019/11/05/KABR/KABR20191105_095230_V06,noaa-nexrad-level2
2019/11/05/KABR/KABR20191105_095936_V06,noaa-nexrad-level2
2019/11/05/KABR/KABR20191105_095936_V06_MDM,noaa-nexrad-level2
2019/11/05/KABR/KABR20191105_100636_V06,noaa-nexrad-level2
2019/11/05/KABR/KABR20191105_101343_V06,noaa-nexrad-level2
2019/11/05/KABR/KABR20191105_102044_V06,noaa-nexrad-level2
2019/11/05/KABR/KABR20191105_102750_V06,noaa-nexrad-level2
2019/11/05/KABR/KABR20191105_103451_V06,noaa-nexrad-level2
2019/11/05/KABR/KABR20191105_104152_V06,noaa-nexrad-level2
2019/11/05/KABR/KABR20191105_104852_V06,noaa-nexrad-level2
2019/11/05/KABR/KABR20191105_105557_V06,noaa-nexrad-level2
2019/11/05/KABR/KABR20191105_105557_V06_MDM,noaa-nexrad-level2
2019/11/05/KABR/KABR20191105_110304_V06,noaa-nexrad-level2
2019/11/05/KABR/KABR20191105_111011_V06,noaa-nexrad-level2
2019/11/05/KABR/KABR20191105_111718_V06,noaa-nexrad-level2
2019/11/05/KABR/KABR20191105_112424_V06,noaa-nexrad-level2
2019/11/05/KABR/KABR20191105_113130_V06,noaa-nexrad-level2
2019/11/05/KABR/KABR20191105_113837_V06,noaa-nexrad-level2
2019/11/05/KABR/KABR20191105_114544_V06,noaa-nexrad-level2
2019/11/05/KABR/KABR20191105_115251_V06,noaa-nexrad-level2
2019/11/05/KABR/KABR20191105_115958_V06,noaa-nexrad-level2
2019/11/05/KABR/KABR20191105_115958_V06_MDM,noaa-nexrad-level2
2019/11/05/KABR/KABR20191105_120705_V06,noaa-nexrad-level2
2019/11/05/KABR/KABR20191105_121411_V06,noaa-nexrad-level2
2019/11/05/KABR/KABR20191105_122117_V06,noaa-nexrad-level2
2019/11/05/KABR/KABR20191105_122823_V06,noaa-nexrad-level2
2019/11/05/KABR/KABR20191105_123529_V06,noaa-nexrad-level2
2019/11/05/KABR/KABR20191105_124235_V06,noaa-nexrad-level2
2019/11/05/KABR/KABR20191105_124941_V06,noaa-nexrad-level2
2019/11/05/KABR/KABR20191105_125648_V06,noaa-nexrad-level2
2019/11/05/KABR/KABR20191105_125648_V06_MDM,noaa-nexrad-level2
2019/11/05/KABR/KABR20191105_130354_V06,noaa-nexrad-level2
2019/11/05/KABR/KABR20191105_131101_V06,noaa-nexrad-level2
2019/11/05/KABR/KABR20191105_131807_V06,noaa-nexrad-level2
2019/11/05/KABR/KABR20191105_132513_V06,noaa-nexrad-level2
2019/11/05/KABR/KABR20191105_133219_V06,noaa-nexrad-level2
2019/11/05/KABR/KABR20191105_133926_V06,noaa-nexrad-level2
2019/11/05/KABR/KABR20191105_134633_V06,noaa-nexrad-level2
2019/11/05/KABR/KABR20191105_135339_V06,noaa-nexrad-level2
2019/11/05/KABR/KABR20191105_135339_V06_MDM,noaa-nexrad-level2
2019/11/05/KABR/KABR20191105_140046_V06,noaa-nexrad-level2
2019/11/05/KABR/KABR20191105_140752_V06,noaa-nexrad-level2
2019/11/05/KABR/KABR20191105_141459_V06,noaa-nexrad-level2
2019/11/05/KABR/KABR20191105_142205_V06,noaa-nexrad-level2
2019/11/05/KABR/KABR20191105_142911_V06,noaa-nexrad-level2
2019/11/05/KABR/KABR20191105_143816_V06,noaa-nexrad-level2
2019/11/05/KABR/KABR20191105_144523_V06,noaa-nexrad-level2
2019/11/05/KABR/KABR20191105_145229_V06,noaa-nexrad-level2
2019/11/05/KABR/KABR20191105_145935_V06,noaa-nexrad-level2
2019/11/05/KABR/KABR20191105_145935_V06_MDM,noaa-nexrad-level2
2019/11/05/KABR/KABR20191105_150406_V06,noaa-nexrad-level2
2019/11/05/KABR/KABR20191105_150848_V06,noaa-nexrad-level2
2019/11/05/KABR/KABR20191105_151345_V06,noaa-nexrad-level2
2019/11/05/KABR/KABR20191105_151826_V06,noaa-nexrad-level2
2019/11/05/KABR/KABR20191105_152308_V06,noaa-nexrad-level2
2019/11/05/KABR/KABR20191105_152751_V06,noaa-nexrad-level2
2019/11/05/KABR/KABR20191105_153450_V06,noaa-nexrad-level2
2019/11/05/KABR/KABR20191105_154157_V06,noaa-nexrad-level2
2019/11/05/KABR/KABR20191105_154903_V06,noaa-nexrad-level2
2019/11/05/KABR/KABR20191105_155610_V06,noaa-nexrad-level2
2019/11/05/KABR/KABR20191105_155610_V06_MDM,noaa-nexrad-level2
2019/11/05/KABR/KABR20191105_160316_V06,noaa-nexrad-level2
2019/11/05/KABR/KABR20191105_161022_V06,noaa-nexrad-level2
2019/11/05/KABR/KABR20191105_161727_V06,noaa-nexrad-level2
2019/11/05/KABR/KABR20191105_162434_V06,noaa-nexrad-level2
2019/11/05/KABR/KABR20191105_163141_V06,noaa-nexrad-level2
2019/11/05/KABR/KABR20191105_163847_V06,noaa-nexrad-level2
2019/11/05/KABR/KABR20191105_164553_V06,noaa-nexrad-level2
2019/11/05/KABR/KABR20191105_165300_V06,noaa-nexrad-level2
2019/11/05/KABR/KABR20191105_165300_V06_MDM,noaa-nexrad-level2
2019/11/05/KABR/KABR20191105_170006_V06,noaa-nexrad-level2
2019/11/05/KABR/KABR20191105_170713_V06,noaa-nexrad-level2
2019/11/05/KABR/KABR20191105_171420_V06,noaa-nexrad-level2
2019/11/05/KABR/KABR20191105_172127_V06,noaa-nexrad-level2
2019/11/05/KABR/KABR20191105_172833_V06,noaa-nexrad-level2
2019/11/05/KABR/KABR20191105_173540_V06,noaa-nexrad-level2
2019/11/05/KABR/KABR20191105_174247_V06,noaa-nexrad-level2
2019/11/05/KABR/KABR20191105_174953_V06,noaa-nexrad-level2
2019/11/05/KABR/KABR20191105_175700_V06,noaa-nexrad-level2
2019/11/05/KABR/KABR20191105_175700_V06_MDM,noaa-nexrad-level2
2019/11/05/KABR/KABR20191105_180407_V06,noaa-nexrad-level2
2019/11/05/KABR/KABR20191105_181113_V06,noaa-nexrad-level2
2019/11/05/KABR/KABR20191105_181819_V06,noaa-nexrad-level2
2019/11/05/KABR/KABR20191105_182526_V06,noaa-nexrad-level2
2019/11/05/KABR/KABR20191105_183230_V06,noaa-nexrad-level2
2019/11/05/KABR/KABR20191105_183935_V06,noaa-nexrad-level2
2019/11/05/KABR/KABR20191105_184640_V06,noaa-nexrad-level2
2019/11/05/KABR/KABR20191105_185346_V06,noaa-nexrad-level2
2019/11/05/KABR/KABR20191105_185346_V06_MDM,noaa-nexrad-level2
2019/11/05/KABR/KABR20191105_190051_V06,noaa-nexrad-level2
2019/11/05/KABR/KABR20191105_190757_V06,noaa-nexrad-level2
2019/11/05/KABR/KABR20191105_191503_V06,noaa-nexrad-level2
2019/11/05/KABR/KABR20191105_192208_V06,noaa-nexrad-level2
2019/11/05/KABR/KABR20191105_192914_V06,noaa-nexrad-level2
2019/11/05/KABR/KABR20191105_193619_V06,noaa-nexrad-level2
2019/11/05/KABR/KABR20191105_194327_V06,noaa-nexrad-level2
2019/11/05/KABR/KABR20191105_195032_V06,noaa-nexrad-level2
2019/11/05/KABR/KABR20191105_195738_V06,noaa-nexrad-level2
2019/11/05/KABR/KABR20191105_195738_V06_MDM,noaa-nexrad-level2
2019/11/05/KABR/KABR20191105_200444_V06,noaa-nexrad-level2
2019/11/05/KABR/KABR20191105_201149_V06,noaa-nexrad-level2
2019/11/05/KABR/KABR20191105_201855_V06,noaa-nexrad-level2
2019/11/05/KABR/KABR20191105_202559_V06,noaa-nexrad-level2
2019/11/05/KABR/KABR20191105_203304_V06,noaa-nexrad-level2
2019/11/05/KABR/KABR20191105_204009_V06,noaa-nexrad-level2
2019/11/05/KABR/KABR20191105_204714_V06,noaa-nexrad-level2
2019/11/05/KABR/KABR20191105_205419_V06,noaa-nexrad-level2
2019/11/05/KABR/KABR20191105_205419_V06_MDM,noaa-nexrad-level2
2019/11/05/KABR/KABR20191105_210126_V06,noaa-nexrad-level2
2019/11/05/KABR/KABR20191105_210832_V06,noaa-nexrad-level2
2019/11/05/KABR/KABR20191105_211539_V06,noaa-nexrad-level2
2019/11/05/KABR/KABR20191105_212246_V06,noaa-nexrad-level2
2019/11/05/KABR/KABR20191105_212952_V06,noaa-nexrad-level2
2019/11/05/KABR/KABR20191105_213658_V06,noaa-nexrad-level2
2019/11/05/KABR/KABR20191105_214403_V06,noaa-nexrad-level2
2019/11/05/KABR/KABR20191105_215107_V06,noaa-nexrad-level2
2019/11/05/KABR/KABR20191105_215814_V06,noaa-nexrad-level2
2019/11/05/KABR/KABR20191105_215814_V06_MDM,noaa-nexrad-level2
2019/11/05/KABR/KABR20191105_220519_V06,noaa-nexrad-level2
2019/11/05/KABR/KABR20191105_221224_V06,noaa-nexrad-level2
2019/11/05/KABR/KABR20191105_221931_V06,noaa-nexrad-level2
2019/11/05/KABR/KABR20191105_222636_V06,noaa-nexrad-level2
2019/11/05/KABR/KABR20191105_223327_V06,noaa-nexrad-level2
2019/11/05/KABR/KABR20191105_224235_V06,noaa-nexrad-level2
2019/11/05/KABR/KABR20191105_224941_V06,noaa-nexrad-level2
2019/11/05/KABR/KABR20191105_225646_V06,noaa-nexrad-level2
2019/11/05/KABR/KABR20191105_225646_V06_MDM,noaa-nexrad-level2
2019/11/05/KABR/KABR20191105_230353_V06,noaa-nexrad-level2
2019/11/05/KABR/KABR20191105_231059_V06,noaa-nexrad-level2
2019/11/05/KABR/KABR20191105_231805_V06,noaa-nexrad-level2
2019/11/05/KABR/KABR20191105_232510_V06,noaa-nexrad-level2
2019/11/05/KABR/KABR20191105_233215_V06,noaa-nexrad-level2
2019/11/05/KABR/KABR20191105_233921_V06,noaa-nexrad-level2
2019/11/05/KABR/KABR20191105_234626_V06,noaa-nexrad-level2
2019/11/05/KABR/KABR20191105_235331_V06,noaa-nexrad-level2
2019/11/05/KABR/KABR20191105_235331_V06_MDM,noaa-nexrad-level2