email,password
ehavoc0@parallels.com,2bEIgpTHU
mskaifedingerthorpe1@prnewswire.com,OAnilDBCbxqk
baskham2@exblog.jp,ohKbgtZl
rlaxen3@360.cn,7Asqk8GlX
cmcgoogan4@networkadvertising.org,z2Rvfy7VTuRJ
lmaddaford5@histats.com,buW18Xofqhp1
shurry6@bloomberg.com,8TuUR1
vjosey7@youtube.com,16XHl1C
adessaur8@quantcast.com,9y4ZT90Aw
mfenny9@canalblog.com,Z23CSd15aqp
wmacdearmonta@miitbeian.gov.cn,STzkZ4
kmarvelb@google.com,7EoQWqlNAX
estaningc@mtv.com,knsIOJrr9vRX
ikilsbyd@smugmug.com,RVcKXbiM
klinnite@clickbank.net,1ShUoNw0P1h
lfontf@fema.gov,pw9I8hJW
iludvigseng@slideshare.net,akJFChB
cmattockh@businesswire.com,YFPf2J
kcollinghami@edublogs.org,kSrv36wWukc7
dmacroriej@narod.ru,4t4RWhrw2un
wbrissetk@domainmarket.com,D4VgZJoSeAoG
dhardwickl@yahoo.co.jp,gZgD3QiSy7c
lconnaughtonm@boston.com,N3MtY0p
sboardsn@unblog.fr,pYkGm7YBVO0
akeatingo@skyrock.com,j1R5IvA3Covh
mclinep@hubpages.com,T2dwqmFv
pinworthq@tinypic.com,blUUcK0b
gbatcockr@chron.com,ABoasE8
sduffitts@nydailynews.com,tYcW8K
ddowdent@home.pl,SZwIvKYoUSi
vkeenleysideu@hibu.com,HqYG8zareFes
elinningv@ebay.com,dUVtf3fQ8kMm
schiplenw@artisteer.com,bkXPK0KZRRU
lstrotonx@usgs.gov,pTqijlPMm
cmosdelly@com.com,dsW2JS
mskulletz@edublogs.org,qf3qaV0UJb
abyart10@vk.com,3G1W5PB
ltwitchett11@quantcast.com,aftjcbE
bormshaw12@nytimes.com,vOzdAXSJ0cj
sbodham13@163.com,L7mI3n
sdigle14@whitehouse.gov,c82r65zTqc5
cyanshonok15@mapy.cz,6u3TH00oRkjx
zheaford16@youku.com,wDeiCch
udablin17@arstechnica.com,7dlPH5novm7
squaltrough18@jugem.jp,XO7AC2qXUU
bosan19@1und1.de,o3TxiDZ15N9b
obernardt1a@tiny.cc,zbxPDQ
mdarco1b@admin.ch,EZyXsEiq
minkin1c@taobao.com,QWcdru
cholmes1d@ftc.gov,jaaliLoDet
gelston1e@mayoclinic.com,Hqs9abXdU
rsthill1f@arizona.edu,T4diWTv
kfullalove1g@gizmodo.com,pvzweSlTZ
jmaggiore1h@smh.com.au,D5UNB64Jz5rx
cragat1i@stumbleupon.com,f0lWGLmSysN
csoutherden1j@washington.edu,fuF19kY
boleagham1k@cdc.gov,SGWFKsHKtKh
eantoniak1l@indiatimes.com,dDgFeh9o3kxY
dlyddyard1m@prnewswire.com,q5e67gpvD6
ksmiley1n@yahoo.com,LXb8kR
efilipczynski1o@elpais.com,7AjdWZrxX
hrozenbaum1p@lycos.com,u7m6Xaa6fZ
bkarolovsky1q@imgur.com,vh84qW
sflacknoe1r@microsoft.com,lmY2D2
kmcmonnies1s@adobe.com,dbF2g77m
tfright1t@techcrunch.com,rqyl7w
hpattle1u@flavors.me,sboA8g
mdockree1v@marketwatch.com,wvDtRGUe4YXA
mlavigne1w@skype.com,lSpzsBBuqs
agrimoldby1x@ezinearticles.com,PRw1lwyphp
ehousiaux1y@google.it,FRJCbBC
pangood1z@blogger.com,HUFaZq
rnotton20@slashdot.org,xtvSui
iwrathmell21@sourceforge.net,pZzuWShM
jcrallan22@linkedin.com,M3nZgx53
jwreak23@skype.com,6bL5zt
ogrisley24@furl.net,uLVL89UWUOBs
ggillespie25@example.com,zeVOfytewQF
cricharz26@wunderground.com,5aL6DHmHV
clefevre27@sciencedaily.com,yPJPeu7TKde
jbrunton28@goodreads.com,Ma8UTX
uklugel29@state.tx.us,rUjQJa6D
nbarke2a@xinhuanet.com,qYGWLmT1EC
arispin2b@bigcartel.com,4Vixj2boeFK
cpawnsford2c@phpbb.com,MKrdENAHDLpa
bbulmer2d@clickbank.net,P0bLTPrEKj
drops2e@is.gd,8xNQXJR
fland2f@ovh.net,sQtHqnLWQnN
lmedlar2g@gizmodo.com,GmFcZjj5
jandrzejowski2h@tripadvisor.com,pRcAdjew
tteggin2i@sina.com.cn,RjeZQBDjI
smaccole2j@mtv.com,DFqxAXoRz
rbenedit2k@hc360.com,pfRTbRlpA
ehayzer2l@businesswire.com,VDPpAR8jg5a
bmcglew2m@youtube.com,iYwM8s4yeI
gmeeke2n@newsvine.com,7t5ghPFXlSMA
lokane2o@china.com.cn,bXmsvgCLO
smatys2p@comcast.net,bYtip28X
jmac2q@google.co.uk,GKBR41Z7k8IN
mgylle2r@photobucket.com,i07CJE
jgery2s@usnews.com,C8bW2ZSuEc
sgobell2t@digg.com,2Ew14N
tclaris2u@stumbleupon.com,VUUDcCtI
ecumber2v@state.tx.us,6yCaTRtBy
bdows2w@umn.edu,tQkcpg
jloadsman2x@mac.com,1ZzMvOS
mdavidoff2y@hao123.com,0rKQAI
gsore2z@hubpages.com,M7PAQBm
vloncaster30@jimdo.com,Knk1aPY8hb
smanna31@studiopress.com,xykKWx
ddurston32@weibo.com,GZQLot2kL
aboycott33@taobao.com,w08t3wumF
aferriday34@foxnews.com,wFei1dGR
tcisson35@forbes.com,hUi333JTtfHu
jpashan36@ustream.tv,EEznyDMGPTJ
kandrini37@list-manage.com,o7nNMDCFWaE
cpeyes38@woothemes.com,GmxlBE164tp4
rsizeland39@addthis.com,Un9f4S
itrevorrow3a@ask.com,XVjMoIJ
mbutrimovich3b@about.me,hupt6SFrAwdi
lgealle3c@msu.edu,IGrEfb
rbigham3d@spotify.com,1R3WfMQf
rgentery3e@51.la,wodPlstt
vmacgiollapheadair3f@dailymotion.com,w3XzkUbvR
zkennedy3g@ocn.ne.jp,KqmNkhIbJD
asloyan3h@webnode.com,WPP3duFDFifD
lpassfield3i@cocolog-nifty.com,z9mNB8zS
mrann3j@skyrock.com,4okgqr3
lblasdale3k@topsy.com,n17sOG2B3s0
lgorini3l@hubpages.com,RkNswnnz
dfidian3m@list-manage.com,gHQseJs8
bwylie3n@studiopress.com,onqUsqJe96p
bblumire3o@slate.com,3RhVSr19JB9
hygou3p@wsj.com,8gtzewkthB
fhanssmann3q@eepurl.com,sq4nTA
aolyunin3r@goo.ne.jp,L5f1S5
gsimic3s@myspace.com,VvtKGgRu9X7
orustman3t@delicious.com,95TXJZs20961
ezanneli3u@last.fm,v7LQQYm
cmcilvoray3v@wiley.com,hTckTacGU9i
jboliver3w@ovh.net,lpFklFFc4fR
cdecourt3x@home.pl,i6RE0B
gpumphrey3y@si.edu,ffKjERwIsIy
gblemen3z@tripadvisor.com,CzZ25QE3dcx
wcoldwell40@sphinn.com,Tw1BgkvC
qmylchreest41@wikipedia.org,8ngOx2NbK
apharoah42@sciencedaily.com,dv4GquDJb
akealey43@bing.com,6hK61OjJ
rloveman44@t-online.de,fhhJ6ayvSuw
mdownie45@wiley.com,bvhVLGef71
rpapen46@goo.ne.jp,7d52FV
ewoolen47@baidu.com,vRnV6belz32
cpaffot48@paypal.com,Mck1ZEJ76
jgwinn49@flickr.com,YReBPRHS
dstarsmeare4a@skyrock.com,uzomCrG2
gburdge4b@umn.edu,toilT70Y
nciric4c@cloudflare.com,3hVZ3XteO
ndance4d@xing.com,MySqeSnCVjj
sglyne4e@japanpost.jp,ShuMljn
rpolhill4f@ehow.com,gxHj1LTGSU3
vmctague4g@latimes.com,IFKpi9M
pjaegar4h@ameblo.jp,DijS7kbfeH
kveltman4i@businesswire.com,acpb9A
ibritee4j@digg.com,tMrSSIJA9nen
nfostersmith4k@businesswire.com,PGDNxy6DX1kB
elazenbury4l@drupal.org,CMhoPdBoH
acabrales4m@shinystat.com,8UJWjmKAV
scondy4n@skyrock.com,jfWlOQ
hsanson4o@state.gov,r1gqWOWxuT
foheagertie4p@chronoengine.com,y5smbS
lclapton4q@oaic.gov.au,8LUysrMuLpFy
obartle4r@narod.ru,slV3wy
umacfarlan4s@nyu.edu,FvBaNBYewUDy
scurteis4t@privacy.gov.au,27F5Pd8OPmU
hhardcastle4u@indiatimes.com,9xiICqknEOA
tbrandsma4v@foxnews.com,kzZI9V
rryson4w@cbslocal.com,AvMSHusORDYC
areinhard4x@thetimes.co.uk,Yf82bdAH
khallbird4y@g.co,q8AMIE
ccatlette4z@mozilla.com,PkAHD0H
emynett50@hugedomains.com,NZ7hLEd
sdavidovicz51@biglobe.ne.jp,Mr9K1v
bfenne52@discuz.net,n4Zu7pmDvFzQ
zbackwell53@netscape.com,6Ocf7kYFKTwZ
oproske54@biblegateway.com,zpunAjB
vmcskeagan55@bloomberg.com,K3eQt2J
chansberry56@ovh.net,VExZZ1OVpGWF
sverson57@quantcast.com,NKFgx1
hschuricke58@apache.org,cjQaaK5hWZ
mpenwell59@clickbank.net,k15rzza
astockley5a@list-manage.com,mBDxVJmi
dsimonelli5b@cargocollective.com,jX2d6Z
imccard5c@nifty.com,i0MHgwMcL
iclemow5d@lulu.com,IQSYzj4l2nu
mmitroshinov5e@people.com.cn,4w5IvgEUXHp
ltremblay5f@intel.com,4FEr1bZ
msutherby5g@redcross.org,MQ1fg6RX
dmisken5h@ca.gov,KyXrQKVL1
jduffitt5i@japanpost.jp,hN348JoV0k
twoolhouse5j@squidoo.com,SeLKPZlx86
lstempe5k@bing.com,C83anhaLoXbA
rcotgrove5l@chicagotribune.com,Xy9tjRZ
pkelcey5m@slideshare.net,wDhQ4aLYmCr4
bmcsherry5n@scribd.com,zetno7sBr0l
mphilpin5o@cam.ac.uk,Mh9mJ3FvV
nplowman5p@hatena.ne.jp,eqkZpT2
ctorrisi5q@scribd.com,j9PV3CKHGki
ddensumbe5r@walmart.com,ZhiyyZ17Pe
dbligh5s@cbsnews.com,tWzmIlS
sfronzek5t@arizona.edu,n65hxuDo
boxlade5u@youku.com,VRPJ0yrP2M
eshalcras5v@google.it,Nxkm8m2
mkegg5w@smugmug.com,VYnptu1
cstoaks5x@ocn.ne.jp,GWV5X1DRgq
ufarnhill5y@scientificamerican.com,pOBsMjLkp
lmarsland5z@fotki.com,XcfHCPiEyfVG
okrug60@w3.org,l2Rh6SkNzb
dfoucar61@sun.com,NHyFJte
hcoggon62@cpanel.net,JWeJYVYBT
lgirard63@theatlantic.com,bz91mnBrkou
olionel64@mysql.com,8n9fDz
ahanton65@ftc.gov,tb32th
adeane66@liveinternet.ru,7n7AyWk5771B
cbirley67@ehow.com,OLI5R8ItET2p
dcobbold68@yahoo.com,5XFeBuEIzMN
bdalli69@liveinternet.ru,0h4FKIfPr
rdewen6a@etsy.com,ieMAVuJvn7Sq
jbarajaz6b@ameblo.jp,tPdEjjLleR
lkamiyama6c@usatoday.com,6Mc81eDi
crehor6d@wp.com,PwOf7LQ4F20
pshiliton6e@multiply.com,W3NrpMiKWr
sdarco6f@cnbc.com,jWtVx5p
centwistle6g@ebay.co.uk,tChIJc740Rb
jgodlee6h@blogger.com,Z666K91MbAvW
lbertholin6i@army.mil,5VfssZ
carmal6j@addthis.com,hAB4oS
cverrillo6k@cafepress.com,p93RZE7C0C
tlivings6l@intel.com,z7Fy2Kr8fZq
efurby6m@google.com.hk,w3oWL2
cacock6n@ovh.net,iKvWcD1cq
jvockings6o@newyorker.com,ow7Zz3mzz
mgittins6p@flavors.me,10Dxx00vKiw
hhatwell6q@com.com,lzCOiN7
spulley6r@360.cn,2Pv22Dk
npatkin6s@cpanel.net,zCES9FQcRU
jlindberg6t@comsenz.com,FSKj3n
cbrummitt6u@angelfire.com,7e2Hdu
pjolly6v@businessweek.com,h18qfVLg9y
jbuxy6w@usatoday.com,NTk9Gba
gbrehault6x@reuters.com,7rwEPgyj7
hreitenbach6y@imageshack.us,ImMCBW
kbilt6z@feedburner.com,41uIQJeTL9
mvanson70@ustream.tv,LPhpLA84
pburghall71@ocn.ne.jp,uQbCOFJooc
jgodin72@google.pl,UKZ1gFW
nfarres73@disqus.com,X2u9S0D5W
ashiel74@wp.com,jbKzq7Z7jQCo
cbuckeridge75@amazon.de,71pOzSJcdQ
hmcnirlan76@technorati.com,jxnCxf
vcorkett77@google.co.uk,cUTYqG
csimmonds78@mail.ru,MNrXbpCTmr
agillian79@slate.com,QdQi7LMLqiNZ
dbrixey7a@fema.gov,PPJsvE3Bl6E9
awoodwing7b@mozilla.org,7rdQ63hD
mkiellor7c@fema.gov,eTQlgYsdlIH
mconechie7d@issuu.com,CrVTvk2
jorr7e@histats.com,UftITC8kVyx
vsmaleman7f@unicef.org,Vom7EXaM3wjY
abussy7g@webeden.co.uk,X6eA2Y5
droly7h@tamu.edu,63zeqVna
mcrielly7i@weather.com,slu9Cm
tavarne7j@arizona.edu,4Op3ksfXlg6
jhansell7k@amazon.co.jp,4IoDmCUy
aedgler7l@ibm.com,xJmiU9CRv2U
kmatskevich7m@quantcast.com,szd8kMTWNeR
hredparth7n@comcast.net,qCrebzDa7k4T
ymcilory7o@bing.com,xnZ94wV
dbevar7p@usda.gov,ixPnQsSauJD
rdukes7q@cisco.com,vHnGkwd60
oeverleigh7r@bloomberg.com,n4hp830UhU3
lcastilla7s@studiopress.com,6bOIGh0USRJ
hplascott7t@ebay.com,fB27HBOQuDx
gyakunin7u@creativecommons.org,z6lBHiAat
avogelein7v@paypal.com,0DTiIVBpOI
arainsbury7w@dion.ne.jp,27gft9ro
aalleyn7x@si.edu,JdRjMYbblf
afrancescoccio7y@multiply.com,npELXeS
acaldecourt7z@issuu.com,dxs7skFQ6NYt
cbarstock80@free.fr,yeDXO0BzBsj
mbarkley81@naver.com,LIJnFROHVIS
bwinspurr82@miitbeian.gov.cn,HKi2UFW87
twrathmall83@patch.com,jSA28QeD
schecchetelli84@ebay.com,R8NjeTYplM
agoundry85@desdev.cn,oFEaydklCy
iferier86@163.com,tG37bmkz6
gchamberlain87@barnesandnoble.com,tBvlSPKleUS
creubel88@nps.gov,G8Hi7K
mcreaser89@amazon.co.jp,Bd7aoTW
pleborgne8a@gizmodo.com,K9pWfRC7uyca
ebatts8b@quantcast.com,UtScenxpQP
bcomusso8c@whitehouse.gov,KuXiRU
wchazerand8d@naver.com,cSZYd8UB2jW
gwildber8e@goodreads.com,ZIiyvYK
cmathey8f@cbc.ca,byu2yk28O16e
doconnell8g@mozilla.com,ZNVZatrA1q
rferrea8h@chronoengine.com,I5IMOGmmaUz
dbenkhe8i@answers.com,Zddsnx
pstandingford8j@dion.ne.jp,ZFjdqD7
sgershom8k@tumblr.com,3w1WJZ
jhaythornthwaite8l@cbc.ca,pxgRHvzSkdj
fgullen8m@is.gd,WsEmGypy
cwaddington8n@yahoo.com,vQBr3q
gcicchitello8o@yellowbook.com,3p9s9hRTX
dwhorton8p@hhs.gov,EvfkCPVPM
ekerins8q@pen.io,xuSFFTlDyT
ldaws8r@google.com.hk,wZWwRDDo
ntaylerson8s@va.gov,LI6D0Fpr3
bdupey8t@blogger.com,cRICcsGK
pwaddingham8u@ifeng.com,G1mrDn2juNx
lsealy8v@multiply.com,LNJk2jHP6
cvasyutichev8w@independent.co.uk,VrTaluVD
dextal8x@sitemeter.com,ityR93g
pfairham8y@earthlink.net,jGCpOG
fshetliff8z@acquirethisname.com,IgsGbyd2Pd
pcurnokk90@salon.com,mV3OG3
acuddehay91@bbc.co.uk,TKrKxXV
elorens92@examiner.com,KpgJJ4
bfairy93@shop-pro.jp,dn12NtOw
bwhyman94@hao123.com,DZDGo0Qn03g1
etousy95@about.com,O5nq2wCMrv3
mscannell96@ycombinator.com,4tLrnD0
cpolsin97@slashdot.org,BSrKsn
brelf98@blog.com,ENsGqnyJL
vtomasutti99@cisco.com,LB1aVz4ltShK
bdrowsfield9a@altervista.org,pNrQxMOru
aportwain9b@wordpress.org,n4Tx4sEu5P9
jjohncey9c@quantcast.com,9LxDsUWB
dgoldsbrough9d@example.com,Jckybvnj3gYk
rbrecknell9e@infoseek.co.jp,IPEgHFc
bmacillrick9f@whitehouse.gov,xKdCL94foa8
ckalaher9g@yelp.com,EKQ9e1
bmcrinn9h@dot.gov,pEl1yPwpVu3E
rcribbins9i@oakley.com,no9KTpbk
ofarquar9j@youtube.com,nzeT2Mr
ssallier9k@msn.com,65EcY7nyU
nmonni9l@chronoengine.com,mIGaTS2gUH
mnairne9m@cnbc.com,W4qRaYdIDHX
kcarnell9n@cnbc.com,5uWEP1
ahuddle9o@kickstarter.com,gTfYyDVWRI8
mferroni9p@github.io,6EsUU80ucXb
cduckinfield9q@ucoz.com,SzVRb1qZQ
mdelacote9r@rakuten.co.jp,YWJ0Bih
cmettericke9s@ocn.ne.jp,XnV7N0iNzxJN
ojakoviljevic9t@miitbeian.gov.cn,M62gbV8Dwl9
mlongley9u@nsw.gov.au,8iIk1fl3
toubridge9v@tinyurl.com,WRwQqDW8F75G
sgregorace9w@youtube.com,dc7WtEJn
cmathewson9x@archive.org,3U4nhTx2HThI
rmartineau9y@businessinsider.com,ODAzdSLjCD
cbaroc9z@google.com.au,DnMNO65JNkm
cboeckea0@live.com,4JVNmX
bcawthorna1@yellowpages.com,0wvdhTQeJasM
crandala2@amazon.com,auv7ufd7yF0
upacha3@biblegateway.com,OEt6rc
jstearnsa4@storify.com,k1v4GInr
bscuddersa5@yellowbook.com,JAng9DeyC
fcostia6@dagondesign.com,jG1OBlw3KSP
kbarrotta7@naver.com,Qc9b1vp
jlapidusa8@wp.com,ugGOpZtu
cjikovskya9@soundcloud.com,Zczmgy1
ugradonaa@bravesites.com,jF7dj5YpPpd
mstockdaleab@nydailynews.com,qKoiAfoIv
byeldonac@microsoft.com,oUEA06tLi7
bchantlerad@example.com,AIYoRtAi
lshufflebothamae@omniture.com,9Q1Vexck
ulanghoraf@mozilla.org,PF9W3Gs
ldanielskyag@ehow.com,9dYI61AVqp
aoddieah@mail.ru,IjD1c7juvwK3
jsimlaai@nba.com,qcGXf2vRM9y
ncordeauaj@nhs.uk,uL188CF
kosullivanak@netvibes.com,J46g1Ip7
edufoureal@mashable.com,VuTPYAYtjWP
clantuffam@constantcontact.com,uTsYx4l
mcrysellan@businessweek.com,BSAF4Pl41Pf
edimitrescoao@ted.com,O34LqZMNKKwg
gdzenisenkaap@stanford.edu,7EeETm
ddungayaq@hibu.com,nR3PbLFZZRS
tlatear@ucoz.com,5Mlbwq9sH
hrichardesas@opera.com,AovV1Hs
rseckomat@oaic.gov.au,XEOkon32S
cmccaskillau@intel.com,h4AhwwdGRnH
cminghellaav@infoseek.co.jp,aPPuAFhFN
hsylvaineaw@msu.edu,llurir22BTvx
rgonax@yellowbook.com,RfQ4Kq
hperrelleay@mayoclinic.com,IiwUl71MU
ahellwichaz@networkadvertising.org,Ixyqkpr
prubinowitschb0@samsung.com,lapXq1DEMKf
jgierb1@go.com,dnjLjNf8i
gmartinatb2@ocn.ne.jp,M8Upzo5eRtY
tcargenb3@abc.net.au,H8D0JTEz6Sgn
cbrandassib4@1688.com,AHflxs
cswyndleyb5@histats.com,6p4acszMW
lcrollyb6@nytimes.com,w45o4VtjCMZu
cclementb7@diigo.com,PIwlhHgCh
zelderb8@gravatar.com,5KtDXAGiw0RA
schrishopb9@ucla.edu,y7M8Kk
wspyvyeba@google.de,eLabVodP5v
lhyndleybb@nationalgeographic.com,NtGDwA
mmathousebc@opensource.org,26xCxJByh27G
lfrohockbd@sourceforge.net,qdtHeYNPEf
agreedybe@shinystat.com,UfEtvwkK
lcapeloffbf@weather.com,JQlxCV
jtomickibg@java.com,eZUkVI
hmocklerbh@census.gov,52ZVvxZ8m2T
cjennisonbi@google.it,rOh9dx4t
tjurriesbj@uiuc.edu,eAK0nqbytP
mkruszelnickibk@miitbeian.gov.cn,wUh8ogzS
mcoultonbl@irs.gov,6y5kR5sO9igy
thubachbm@drupal.org,8AEK3OGCVt0
tlymbournebn@wsj.com,OuyHoF
vhalletbo@desdev.cn,Sci30F3Je7Wk
mmoringbp@nps.gov,GgYeK3GNXsD
kbillowsbq@aol.com,JuxhWiHV1
achampionbr@youtube.com,1sn78TQXNj1
ecraigiebs@imageshack.us,aCDkU4
bsmuthbt@sina.com.cn,ysRTLY
nturleybu@businessweek.com,AM2ZwTav
ksouthworthbv@merriam-webster.com,Slfkpyj
mdavsonbw@usgs.gov,tDq52ej
lmanonbx@mit.edu,66AY9Ob96
jorisby@seattletimes.com,lOkpBirqy
fvansalzbergerbz@theglobeandmail.com,JrF2VCS
kiacovonec0@home.pl,sKjhI8jYx
sbaylissc1@squarespace.com,yz4PAK
esandercroftc2@issuu.com,E4LrU4xOJYmQ
whatwellc3@wisc.edu,LJlA4W
tbidderc4@oaic.gov.au,Q4PrVch1B9
jbakesefc5@mac.com,YrbZOFmXD
vjerchec6@twitter.com,FU8HiwDS6
pkasec7@friendfeed.com,Eap5qcgBtvZM
dnibleyc8@wikimedia.org,jLpdN9KY
dbelinc9@rambler.ru,YHS4oXTGNkqd
vsawneyca@japanpost.jp,in30HRsLY
cmaffinicb@etsy.com,IZ60FGe
goloinncc@constantcontact.com,XmjYrfbyx5f
mcroisiercd@blinklist.com,W9dvkoQWZ
kspirace@goo.gl,ZCuWxu
eocorrincf@vkontakte.ru,fHFzsKBeh
solunneycg@live.com,tNAbsg
mgomerych@va.gov,9og0kt
rbirthci@odnoklassniki.ru,iuDXnh2
cfreeborncj@pcworld.com,pPC8JIA
nreuterck@mysql.com,jX92c4DFlb16
adillawaycl@surveymonkey.com,HEcTASkV
jbruffellcm@sohu.com,EmxrXk
rriddeoughcn@studiopress.com,Byu3TL9dDQV
rallawyco@google.ca,BkfZUSsFYNCJ
wgrimestonecp@opensource.org,HcL1D9
hbothramcq@seattletimes.com,nmHKfa2e
mkeerlcr@ifeng.com,ndgtjkxILU
ecastelincs@reuters.com,efRlZHE
elaydonct@geocities.com,okdPvREc1e
ifeathersbycu@ca.gov,NQcNKHNNVvDv
htolletcv@hubpages.com,twE69U9
wdabbotdoylecw@twitpic.com,XbHcQ8vVEhyK
gdeppencx@goo.ne.jp,0Tl8mScBI
mpoultoncy@qq.com,U6vKZipU8
kwickwarthcz@auda.org.au,kSYu8z
hschroderd0@ted.com,SxqpiZKzvX
wgingeld1@com.com,U2HXDvEq
mbonseyd2@archive.org,SDFyvYOM
tbroseked3@yale.edu,wWV1v7IKbKG
apringd4@spiegel.de,T2zdwogkBuOr
irenshelld5@japanpost.jp,v2VXhbMDdd
gcornuaud6@ucla.edu,ib68awRlaL
medyd7@cloudflare.com,LmpANynIdI
chatchardd8@mac.com,FznnUjavx8x
ymerrgend9@addthis.com,ydhe2na
cnilandda@nasa.gov,vfptC4C0
lfuzzeydb@51.la,bWmp1Eewu
ntiernandc@topsy.com,8XJykbb
sohanessiandd@independent.co.uk,BevEwvQfV8
chriinchenkode@delicious.com,OK23AzsKMz
msudelldf@themeforest.net,tOdjJ8
eduffydg@nasa.gov,FOx2ZVT
epflegerdh@patch.com,zI9ycF7e8Y
ibatrimdi@springer.com,TjIj4ND
smackeaguedj@facebook.com,ftWPNNuqBI
hkolakowskidk@ca.gov,9wLxRliVRT3
jhamordl@ucoz.com,cDFl1cg
ltalboydm@earthlink.net,stn5LI4aLN
scriellydn@state.tx.us,FruPxdX8po9I
cplaitdo@hugedomains.com,SIcq1vTi
dschurickedp@berkeley.edu,NYlZEPCTA7S
ifardydq@discuz.net,pUMnbnE
bskupinskidr@uiuc.edu,RW9C4TL
emullesds@java.com,ItCQGjednvk
sseywooddt@oakley.com,QobD2v
hyellowleedu@hhs.gov,E3pG4IvCxJn
gcecchetellidv@mapy.cz,TeUzze
truckertdw@wikimedia.org,CoKQePxi
holdfielddx@theglobeandmail.com,cwAlxjD
vdommerquedy@godaddy.com,mxX8N5wgXbHd
ebarkedz@jalbum.net,TN2baYdNi
dmurfette0@oaic.gov.au,zpwHNV5KPQX
sbohjee1@google.ca,KbS3ob
wshutte2@bbb.org,pN1USAA2BBjJ
kpittocke3@irs.gov,yENAMZ
swandlesse4@howstuffworks.com,00fq8y813J
ccaneroe5@cbsnews.com,pi6qy37
oledure6@miibeian.gov.cn,7ULXLW5N5HMC
bshallcrosse7@webmd.com,3HPKhuJC
lvillagee8@state.tx.us,0Cgeo5O4xHv
acoweye9@nbcnews.com,dpx6u1J0Wno
sgimbrettea@dagondesign.com,qoK866j
tfowneseb@usa.gov,0zXNLC9Bc3K
wcolbrunec@hugedomains.com,bEn9qLVH
mbortoluttied@squarespace.com,Sy6XO87
hwintonee@booking.com,0zlMUa
gklausef@cnet.com,EldA0iG
beccleshalleg@ow.ly,Ls17CzRT2g
agrolmanneh@yellowbook.com,QAoHnqi6QZhA
lmaryonei@eepurl.com,c4mBEEV5
mlosanoej@cargocollective.com,IldvJyMKgM
pelderkinek@arizona.edu,kwNYi6Y8Kt
wghidoliel@accuweather.com,UgqLW9QM4fk
bdigginsem@kickstarter.com,pL0MhBto
ttoolinen@newyorker.com,WWkSpKjYWk2T
sfitzroyeo@usa.gov,dSIIkaPhWGLg
clarkkemep@cmu.edu,kVguDl
shanshaweq@irs.gov,1MGvj1giy4f
fgullifanter@hp.com,ZeIHegkQpOWn
adelahayees@boston.com,D0QDUt
llariveet@theglobeandmail.com,Jq9Akm
asunnereu@php.net,THIVUM
dlightbourneev@github.io,amum01B7ay
ypoverew@uol.com.br,XOAzQiI
cnewcomeex@nymag.com,FC4UnIGQM
izanazziey@telegraph.co.uk,bJbLjraLWcL
mdanickez@mozilla.org,dmly3pCRH
rvanarsdalenf0@bizjournals.com,ARMoxO6q
cshurlockf1@webs.com,KlCM3WlF8up
bnelf2@alibaba.com,QQHJ0XAuu0
ascurlockf3@smh.com.au,Snj3PM
keggerf4@blogspot.com,iFxqhvL9yH
avalancef5@nytimes.com,Ul8qlzJAl7T4
dsisnettf6@squarespace.com,LV4CVCQs6dgI
aheggesf7@github.com,XK1J1N
bharropf8@ibm.com,8muxlrV9394i
gmaxworthyf9@youtu.be,IYnZ3Gj2DBN
chandrikfa@patch.com,U1Pq8AR0GujX
tsowthcotefb@yahoo.com,r0oU3SnzR
dizardfc@ed.gov,FvTWjenP
cirnysfd@google.co.uk,3UssIXXHC
gtoothfe@sbwire.com,MC5nmIL2AV
gcullinaneff@symantec.com,iLul7Kc
llabromfg@discuz.net,dKTwcA
mdaintierfh@meetup.com,ayffOIakY
bredfernfi@latimes.com,wV2wkL1G9BG1
dmuckartfj@is.gd,OCLgn2RGGk
cperrettfk@vistaprint.com,SisH5Iqzo
kmanusfl@smh.com.au,qmetN30
adupoyfm@storify.com,26Ny0Teeh
kpardoefn@geocities.com,qZZrZFLA0T
ijodlkowskifo@mit.edu,i0VGhz4w8
byeendfp@dot.gov,JdkDZCgSM
yedsonfq@bbb.org,Zg2pHjZBiAhH
nkerswillfr@github.com,xT5qw8w4
mlembckefs@ft.com,oC098ox0K9tr
swhiskinft@dot.gov,RkgiX3oowKh
dciobotarofu@chicagotribune.com,DrVJIfWZm
frobersfv@imdb.com,x2fTkbmk15X
sducroefw@wix.com,oyvUvvcwEY
jvickfx@ebay.co.uk,mLCpdc
astruisfy@elegantthemes.com,icUmQDf9a
mbucktharpfz@wikia.com,45C83WXCFsq
smckombg0@cisco.com,Mq4M8FppVKsd
kramosg1@wisc.edu,F6qTwfwGkux
dpawlickig2@huffingtonpost.com,AojF2vcVtEu
fgiberdg3@businessweek.com,LN9xGT6AqY
ctellwrightg4@answers.com,ZwPs44tNja
vbullentg5@upenn.edu,83W6zx1rX
lmadgettg6@infoseek.co.jp,Qb9pIMe1zG
sblackstong7@hostgator.com,XbCuYHERr
dschwanderg8@yale.edu,BMEN5h
bfarrong9@nifty.com,WcItuOe
lvanderdaalga@weebly.com,LEIV5a5mX
mjervoisegb@addthis.com,W8grBV
bmikogc@hugedomains.com,kJvhuVRl
dscamerdengd@miibeian.gov.cn,rEHw4E9jcTb
vmumbersonge@last.fm,znlwXOL
bdudeniegf@instagram.com,7bAuCNLo
hteggingg@google.ca,D0get5RtYq9
thewgh@telegraph.co.uk,Thro0nMlwClA
bellsomgi@sbwire.com,j5qSzyj
efoskengj@hp.com,QkgtE0
ikeiltygk@bloglines.com,RSNqWh
hchilderhousegl@msu.edu,T0euOmQKsw0
tjotchamgm@intel.com,zbbMp7W
glerigogn@upenn.edu,KelF6B7s
pskullygo@cam.ac.uk,TbUBWj7X
npaxfordegp@spiegel.de,VtgTGn
tmcgowgq@oracle.com,a8mTWXpOj1QD
sstiegersgr@oracle.com,VAk8OKww7ri
cbondleygs@posterous.com,Tm3ETM5
wgrenvillegt@guardian.co.uk,tLrBin7
pmackrogu@psu.edu,SP4odU0D
sbogacegv@huffingtonpost.com,SBPBdLs
mlemaitregw@ucoz.ru,IqbC8yOrV5lf
rjakubovitsgx@facebook.com,YUtssm2gxvtR
qmurchgy@slideshare.net,heZnmzNf
ajeenesgz@hp.com,yJb27JjL
amuffitth0@hatena.ne.jp,G64UikmheD
tjenckesh1@berkeley.edu,E4mSjEwvR
dtripetth2@networkadvertising.org,tAoNcyIxBSc
ejurnh3@chronoengine.com,Se7GVa6
ebaggsh4@alibaba.com,JSkBadINy
dohanveyh5@webs.com,ZSRrnR762C
koutramh6@yellowpages.com,LG5kx3kuz62N
ocovottoh7@creativecommons.org,PLVdX5jz
cbreukelmanh8@go.com,WFrhcRXGMdL7
bbonush9@ucsd.edu,cnAs19e1N
bmorroweha@quantcast.com,1kr9nN
kkitehb@yolasite.com,d0B4cVFZ
zdobesonhc@dmoz.org,zBaTmQiuOn
daindraishd@biblegateway.com,8kb1vv
hmelpusshe@salon.com,eGHHIPT4T
bbarstowkhf@virginia.edu,NdvJUe4JE
gstronoughhg@yellowpages.com,QocO37eMNBEV
jbaggothh@imgur.com,9mQ5NVLkr
sbiglandhi@java.com,H9n64z
psedwickhj@google.nl,HvbUQ1yHuP
lhutchinhk@comsenz.com,0TviLZnav
mcasbonhl@wordpress.com,g9CFcoX5oNy
sdriverhm@omniture.com,PZMECl
vmacphersonhn@craigslist.org,EnLKoOmgQ4
bdennidgeho@dmoz.org,UCCwV1jp
dlodfordhp@reuters.com,agfpSzE4
oferminhq@mail.ru,3LOrgmbMT
geminsonhr@bluehost.com,IsQXr6
mstaveleyhs@nbcnews.com,qEb7iH9Xyi
rkenwortheyht@nature.com,eQmpoAdDP
kdemschkehu@youtube.com,fUXyJU
smaccaguehv@ibm.com,bVPjbAMc5
bboasthw@amazon.com,yFpJhidJSO
gelijahuhx@quantcast.com,Bjpwb2J9QOJ
zkaasmanhy@creativecommons.org,kip0mcjnrl8
rflookshz@fotki.com,gpaLDMwUp
edybbei0@wikimedia.org,EDHrhbf0U
wattreedi1@mail.ru,FVqkLAgPceK
bharrowingi2@stanford.edu,ijbud0XwV
ekrabbei3@prnewswire.com,eyO6aq
aglanvilli4@mlb.com,fUIIHJP
shewsoni5@about.me,Zm2H79dg
mgrenkovi6@bbb.org,TnS15I
iparadei7@umn.edu,KVie7pl62B
pleteurtrei8@shop-pro.jp,rjzHLFb
adamerelli9@squidoo.com,aGSjx8
fjellemania@ow.ly,sMewngtp9
hkeydenib@marriott.com,dbybilqS9
avaughnic@squarespace.com,felXGwXD5nH8
rtawnid@vk.com,3sWM9O8iHvQg
lfeldfisherie@cpanel.net,FX3QVln
clodwigif@hhs.gov,5fHxfEb5BXyw
dpaintenig@ehow.com,XI1cQUZrAR
gbrodleyih@berkeley.edu,ApxKBY
ehughsii@google.pl,qnoDLYg6
tgertzij@wikipedia.org,eUTdSjCUTw0
dandreeik@newsvine.com,fJ7Evx4FUSkb
yvestyil@state.tx.us,xQR1dw7E1Z7
wabraminim@economist.com,Fnzo1Ds
sbluesin@netlog.com,ZpdH59j
dcanningsio@noaa.gov,aksoClVK4rK
fheatlyip@youku.com,bSTKmk5GB
bboaleriq@eepurl.com,ItoVlAgQ
nnussiiir@odnoklassniki.ru,uKvX0uybws
lleedalis@booking.com,UIrHO2wC
jphilipeauxit@eventbrite.com,bKnJ649jxw
zholywelliu@independent.co.uk,3DQRJQz1
nmoiseyiv@symantec.com,Xh27jcO8XGj
amacmaykiniw@github.com,rzFyJu
tbouldeix@blogs.com,gLnEWfF
jcruxiy@who.int,FPQINuxnJv5Y
bgrigsiz@fotki.com,ZyZusVwP
htennetj0@amazon.co.jp,xKigERlLbP
fkestenj1@ifeng.com,JfTiEn
collerearnshawj2@icio.us,ckwMQFcsdC
nlichtfothj3@wisc.edu,7jRXlfCg7
jhightownj4@wunderground.com,J6AWfKHv
dstraunj5@tamu.edu,hEGyfXcXPi
jfarguharj6@samsung.com,KDKu67H
acruzj7@admin.ch,3zPolR2p
njacksonj8@creativecommons.org,SmPNYmz
mkallj9@mac.com,paW1MNr7
pbrannja@ustream.tv,g4orpkprmByZ
hhenkenjb@wordpress.org,LWM4Pi
ytroubridgejc@redcross.org,MvhkUlSSXxHh
amclanachanjd@marketwatch.com,2dkPYMQ
jwadhamje@dell.com,ajnOlUolt2
hmuzzijf@mail.ru,rrEnMDGyeE
koduanejg@seattletimes.com,Z0EZNc
mburnetjh@blogtalkradio.com,9yxYOWtFU
cdracheji@howstuffworks.com,DAHxgFvVOp
ngoldfinchjj@umn.edu,Kww4pVAEkN
zbarensenjk@huffingtonpost.com,GzFW5x3eV7t0
rpeidrojl@artisteer.com,dqFirF8l
rleatherjm@squidoo.com,xtTmdF1CFA
smaffuccijn@ustream.tv,Ov2uGMpnqAs
bgooldenjo@cocolog-nifty.com,9jss7M
ewhetlandjp@cdc.gov,k2GLNwenXrL
fwolteringjq@mediafire.com,iH3ctl
nkeenleysidejr@cdc.gov,Rz03Irx
cheartjs@xinhuanet.com,fme8HFSfY
tdeshonjt@goodreads.com,HXXCZSGqM
jmcclintonju@hubpages.com,V1FXxh6DAM7
mmoycejv@reddit.com,T8j9IryRi6I
tbrandlijw@ox.ac.uk,yyVn7XYz
ckilbournejx@alibaba.com,IXPZ7wv
hdufourjy@shareasale.com,teGHFPs
klafontjz@adobe.com,ZXDaAWk
holomank0@mlb.com,dgVZSxvrs
ljollk1@feedburner.com,wWhKZO08dCt
ayeelesk2@ebay.co.uk,iw2JzKp3o1wE
azebedeek3@answers.com,88KxKhE7l
eroyallk4@delicious.com,rQUiCXvY9ShV
ashewonk5@dropbox.com,DD0bqU
fpowysk6@engadget.com,EiL7IUKzaF
sboltek7@ft.com,eXy9FKcEysr
sfeldhornk8@cbslocal.com,nhUCQMd
cburkertk9@github.io,YyAVrjYJ8
ngreweka@google.ru,hwxtWR
brosenfieldkb@istockphoto.com,qv7d7sKpN
ahryniewickikc@timesonline.co.uk,FTrllt
bgobelkd@soundcloud.com,sc1YLU0n
rirlamke@fc2.com,cBNxQiwUSyZ
sfrondtkf@cafepress.com,wDO596
bhousdenkg@marriott.com,cTVVqty
ematheskh@nps.gov,DYscwaV
qshurmerki@businessinsider.com,zIWU0x
oslogrovekj@blogspot.com,UhJ4bsp4
plambournkk@fda.gov,qCtpxfx
smaccaguekl@jalbum.net,pSQ1882REpT
blaverickkm@google.pl,2UxwJ93
sjainkn@hugedomains.com,0Ft7Hus7
dbuddko@eepurl.com,GZae03yrAo8
sbartkowiakkp@naver.com,9f0U8CGrN9
bchristoforkq@biblegateway.com,bFSrjjo5Y2
slucykr@mozilla.org,I76BcjfbfmX
bwhellamsks@printfriendly.com,is3YVv23in
enaceykt@qq.com,nWv5zKzIyy
edurdenku@utexas.edu,IM0o8ZWpc3A
mscophamkv@pen.io,RAkXjiPR
cdorrellkw@shinystat.com,qAzPTQDMH0
ebloschkekx@ifeng.com,OqlI7484z
dchalfainky@yellowpages.com,ZJyNIJqqwyV
twillishirekz@imdb.com,L2Q1zD99YcP
bmoralesl0@stumbleupon.com,dTqPFa0k0GF
ggillicuddyl1@craigslist.org,XaYZZSX
blancasterl2@ucla.edu,Qygqfb5oh5r
hmenaull3@live.com,RkuoAli
ystiegarsl4@goodreads.com,rPJuqS
nlusheyl5@unesco.org,tdytl54D1rd
tdewsburyl6@pagesperso-orange.fr,5RvWm7w
abarghl7@lycos.com,06yQiXTgyODD
nmacpeakel8@elpais.com,YJU9pl
cmacginneyl9@zdnet.com,0sC5RWB
ktuffinla@ihg.com,iaQYu4thoqaV
dgebhardtlb@opensource.org,zGnIs7
bbeddolc@state.gov,3r15rQTU6wfR
ajamisonld@epa.gov,qsQdnKp9xVMH
jsarrale@icio.us,gJDJ0JAzO
jcollumlf@photobucket.com,4VScivRne
bstratfordlg@exblog.jp,wSHqi0
tbartoszeklh@prweb.com,Xzuwdj05
lfazakerleyli@about.com,9hWkjDo7Pie
egoaterlj@blogs.com,ti6HI0doP
hbudnklk@jimdo.com,bmU2kO1P
rmcrobertsll@hud.gov,ZdK3LHbZVe
wsilbersaklm@redcross.org,O6I40C
tcrociln@tamu.edu,9mb4EvFVGF
stunelo@usatoday.com,Gj4BUV
epadkinlp@bloglines.com,Ikfj0SguIVE8
mquigglq@arizona.edu,eJFDJD
tduddinlr@jiathis.com,ef7QwRKdAVqe
wcrusls@disqus.com,JO4r2rjjK
cdecroixlt@foxnews.com,J9mwlJ
aheldlu@theguardian.com,uq4WfVi
rcanteralv@bloglines.com,oL7wEgUWFt4a
edomenicolw@digg.com,DrqmmQA
edorkinlx@weibo.com,9khEYgoQ
bcrollaly@soup.io,Ijyxke
eclemmettlz@bluehost.com,hhZADJQ0q
atillym0@barnesandnoble.com,8uAh2srVHD5
ldecroixm1@cbc.ca,qu8Pkw9lp
lmaccostiganm2@elegantthemes.com,G542Ae
mdobbym3@ebay.co.uk,oy6ZB9KCmGBW
dnicolsonm4@usnews.com,ZmOpASQevi
mdionisettom5@artisteer.com,84Q89m
asapsonm6@istockphoto.com,LAveBO
ageorgeaum7@stumbleupon.com,amrTfTa
sburkinm8@printfriendly.com,SEO8Vcwt69
mginnim9@sphinn.com,K62Xp7
cbattellema@tiny.cc,E9tb2OHyAl
camortmb@cisco.com,SOYqayQ
wlowndsboroughmc@rediff.com,uru4dlV4eZH
lgaylardmd@a8.net,4i1H2sHt
dlargentme@eepurl.com,0t0YtGNQ5Dln
tbondemf@va.gov,GCQwqqo
mdemalcharmg@intel.com,T23IGPgMZi6m
aluckcuckmh@theatlantic.com,zuI6d3dzGILn
fcopesmi@linkedin.com,mQ1z7pCtaH8A
jraubheimmj@telegraph.co.uk,cijCOq
klabetmk@ted.com,AmmUSYjI
hboudaml@addthis.com,eHiLnO
abodkermm@netvibes.com,SsAqkWMPzX
ocorainmn@unblog.fr,Zej5Fo3VXTp
ccliftonmo@nyu.edu,56YTO1Y
agianullomp@baidu.com,LId461XTuFcb
klacermq@bbc.co.uk,wGRSSX
csimonssonmr@statcounter.com,9l1nrQ9
amaccriems@bloglines.com,ebyrjIJFEH
asingletonmt@dot.gov,1tWKj4ff
gfakemu@ed.gov,QWEIlp
syukhtinmv@upenn.edu,M1XwB7xVVe
dphilipardmw@youku.com,OaH8VWLhS
djeanneaumx@taobao.com,x6Y8Yv1qokvT
jshearsbymy@smh.com.au,QWXXUQam
jmcallistermz@meetup.com,Q7GSMNCSr
jphilippaultn0@zimbio.com,hdA4fEh0wX
bbleimann1@plala.or.jp,g0Wa66yb
tmaccrackenn2@163.com,Lfu5kDr
jveelern3@clickbank.net,UTePxJvF
eoshieln4@ustream.tv,EG71A7p
gosbournn5@e-recht24.de,MpuVMk
plimprichtn6@is.gd,pCJ2qDCx
dwickien7@alexa.com,WkCWFgJJn5
gmuzzillon8@chron.com,bhqoH0xeZRDN
mlerwilln9@webmd.com,vvlrFjG
bexellna@example.com,Mggg5A
jblouetnb@list-manage.com,YH3md6lk20g
lpinwillnc@mayoclinic.com,6k5FJkwY
staphousend@weibo.com,HSdQB6
cbogaertne@examiner.com,yS6LjBQnFAXq
jshemwellnf@ucla.edu,gtbfFRGAEcho
ogorriesng@google.pl,jJtuYBP
jmacneelynh@cargocollective.com,gvXImeg
galphonsoni@digg.com,SEGlE3jB
ewankelnj@nih.gov,a4MnH61
jstaleynk@meetup.com,TLHxRGoL2
laldousnl@deliciousdays.com,crQ4N1
cmundwellnm@weibo.com,CuhC6TAt3E
fikinsnn@furl.net,gArgiXpm028
vbenkinno@state.tx.us,i5V9Cy7HflJ
stabornp@spotify.com,sMnNAHKqF
ndownesnq@psu.edu,Y746Qzy
fpetaschnr@fotki.com,3u2zNUwJV
bwolfitns@exblog.jp,swgFvlWvaJl
rthickpennynt@tripadvisor.com,hKDqJA5OgAH5
gblackmannu@elpais.com,C0zavU
jkingsfordnv@cdbaby.com,qtGIQwTiN
zputsonnw@etsy.com,wNVEx2D5q
rkoppelmannnx@youtube.com,MB8NIE2Ti
mvawtonny@google.ru,KJpvgNzqIpUV
mclaranz@de.vu,nj3DnbXIdHFL
jtrurano0@statcounter.com,kTJ4vce
lgatecliffeo1@nydailynews.com,0k7JCunyNt
gschruuro2@dell.com,Traq9ehHy
ahurreno3@timesonline.co.uk,THUDmRs2R
acaughto4@ibm.com,lk77cKsXF
paikmano5@berkeley.edu,9JbnFUU8Us9
tfairclougho6@ow.ly,L9WAxZ
apocklingtono7@devhub.com,3w7pqS
mpickavanceo8@state.tx.us,9vxxmF45bQI
ktidboldo9@shinystat.com,K5di9RA0D21R
cdockreeoa@addtoany.com,Gtr4vbu
hcowhigob@wsj.com,1a76kIeONnJS
nstangeoc@scientificamerican.com,O0Ly1Osv6
htupieod@mail.ru,mcrVOT
eworsfoldoe@freewebs.com,H9kXYbC
adomleoof@odnoklassniki.ru,fTXSyQg
egrzeskowskiog@mysql.com,4HtDeD2
aevertonoh@rediff.com,bfsNJOFH
apooreoi@shutterfly.com,AB4GVCJ
jeslieoj@usnews.com,tgxJUg4hZ
leffauntok@sphinn.com,t57XjpOhQ
khuxleyol@themeforest.net,RPbG6On
lchalliceom@merriam-webster.com,CLoKIb
dgowthropon@wunderground.com,kPVS9AMV
qriddeoo@mozilla.com,ZC7oK1YGnjk
jmeashamop@nhs.uk,58QU98
sgippesoq@opensource.org,dtWAU2tVc
acluttonor@fema.gov,PB6CFOGs5
jboissieros@xrea.com,2vYr7SLyU6
jlurrimanot@taobao.com,ufN4KpZRso9S
njeanessonou@archive.org,vdlKSoACJ
lragbourneov@oaic.gov.au,wdXiPIhg
pgiabuzziow@ebay.com,j3YbUkGc
ktrueloveox@4shared.com,RjDnZSNMF3x
sdoegoy@ed.gov,u4MGMyQId
omatzloz@typepad.com,5zJiIcP9
cdreghornp0@youtube.com,883JtA8S71
tfirbanksp1@forbes.com,vRB6ed3FY
mpiechep2@biglobe.ne.jp,zzmL71BOkRCx
jyarnoldp3@fema.gov,F8LcT3zQJOU
beffemyp4@alexa.com,PBdQGvrtw
tcrossp5@posterous.com,NjazKc
mpignep6@amazon.de,sZa7WJ25
ttoxellp7@addtoany.com,VF5R6p
ccarlylep8@wikia.com,mA8kUP
ostoppp9@europa.eu,rHCuI5K
tgillingwaterpa@businessinsider.com,Zi0iGGwTZ
jpetchellpb@cmu.edu,yVrLJ3SNu
zruddickpc@unc.edu,pS0wn1OONc0
floodypd@vkontakte.ru,waxKA1NVyTu
lorrope@ftc.gov,snrAxyo3p2n
bburdasspf@paypal.com,K3iUGYM
slodwigpg@globo.com,qr2Sf2
kleilph@shop-pro.jp,o0byZzF
bbaffpi@sciencedaily.com,Fvd9oU3cSGlW
grosenwasserpj@intel.com,WRrJ3WoyGkB
wfairespk@ovh.net,bmgVqqoZP3
oeliezpl@tumblr.com,UCdouq
tmcmurtypm@ucsd.edu,UDKlZ9EF49L
ldriffillpn@gov.uk,wug8mYD
medgehillpo@thetimes.co.uk,WppVSB4s316
mpawellekpp@wikimedia.org,D4YIXdJj8fbx
acrowthpq@github.io,Ajybnyh
dwinkpr@chicagotribune.com,n9bE9FlSt7d5
lempletonps@dagondesign.com,t3AWSM3
gdowsonpt@prweb.com,jycYFcbNSl
jjurischpu@altervista.org,Vyee02d
cdurrettpv@patch.com,l8FxVrc5V
nduesberrypw@salon.com,4eqcvExZ1W
fkenefordepx@columbia.edu,04seb2v
wlinnettpy@tinypic.com,XaoFRv
mhuntlypz@sciencedaily.com,bcrVad4CfK
pmarvelq0@trellian.com,y6rsKXal7oB
kknowlesq1@reverbnation.com,O3PbM53CC
nmaberleyq2@mail.ru,jBtsUXJFm
deddinsq3@va.gov,5cQGRTX
ajeanequinq4@prlog.org,RPGJdxm
mscaddingq5@who.int,Frl2XBJjQhdd
cjurschq6@cnbc.com,Wzh329N8twR8
agaskenq7@stumbleupon.com,THeURw24Oi2
bczadlaq8@bing.com,HAHttznS
cfosherq9@indiegogo.com,nwFRyOHIy
mcoaleqa@pagesperso-orange.fr,sVGPdjoABi
jlaibleqb@altervista.org,4uxuLWhW6q
arearyqc@360.cn,fDrVjIuj
cstotherqd@loc.gov,BCnJ1dhLx
lriddallqe@usa.gov,fJT1Zrx
afultonqf@taobao.com,Wsb9HqXc5V
ldraayerqg@statcounter.com,2MBNKO9Kpms
reldredgeqh@techcrunch.com,KrvQvnZp1
fjirusekqi@uiuc.edu,odA53K
mbuntenqj@sciencedirect.com,m1skTNE7t
vbatterhamqk@nasa.gov,JQKz1PBrc
dholmeql@reuters.com,nqdyp6zPVuj
ehaggertyqm@joomla.org,qTbUjAHvF
htooherqn@google.com.hk,fxZqdBg
gsproatqo@nhs.uk,yO0QIP
dleysonqp@indiegogo.com,CNzXxabignYP
gdanilovicqq@globo.com,lW4LYp98
aworksqr@nifty.com,6AxOkGs
spertonqs@de.vu,D7u9ZLt2
vrothwellqt@ucla.edu,sOMzN1EL
bmccaughrenqu@cbslocal.com,bMya50BmSm5n
bsumshonqv@upenn.edu,JGjhzbPtG
cmenhciqw@linkedin.com,CqvyMmyX
bmcgeacheyqx@phoca.cz,YCEd7WnL0r
csaiceqy@oakley.com,LsBu1pap
khagertyqz@google.com.au,x4h3gzr
jfrontczakr0@scientificamerican.com,6y0acr4UgcO9
clongmeadr1@aol.com,9FwCNoT
fcowchar2@biblegateway.com,vwIGrZf
falentyevr3@yale.edu,DOqFxcNWth
mrapinettr4@va.gov,Be2ZxMfZX8x
pgablerr5@bloglovin.com,cPtEHuaq7ke
rreynoolldsr6@joomla.org,1JtnxvMRmvL
jaldrittr7@163.com,WgqpfnB2
mudyr8@cnet.com,oM7gEmzlqIN3
rwhybornr9@etsy.com,OfYS0MCJ
jlabordera@seesaa.net,DyXNvsdcye
janfussorb@seesaa.net,2pLVd495
hlabbrc@netlog.com,63kJLU9dEb
bpipesrd@squarespace.com,05rOmLh
apitchfordre@prlog.org,rNg32MoVT
yshillomrf@wikispaces.com,H1m7he
jmacgianyrg@ning.com,e9BJyRnp
mkreberrh@quantcast.com,4ubu2k
scouparri@gmpg.org,90QgJhsI
rleveyrj@purevolume.com,1vCy2JKTWDG
pwottonrk@blogspot.com,g6R3eXhd6aMh
ghorwellrl@ehow.com,4Bgpg1PaqBi2
acohalanrm@ted.com,FQ9msyW8Wy
lfearnillrn@cbslocal.com,55RI7OSOD0oN
tcourtonnero@unicef.org,mBkfnZUdNGi
efranklandrp@paginegialle.it,ysFT6zec
kphilbrookrq@histats.com,9sVDaH
ceassebyrr@cocolog-nifty.com,Wp0CE5RyNb
